Index, Title, Author, Rating, Score, Vote, Link, Author_Link, Image, Image_Small 
1, All the Light We Cannot See, Anthony Doerr, 4.32 avg rating - 1.446.544 ratings, 12.706, 128, https://www.goodreads.com/book/show/18143977-all-the-light-we-cannot-see, https://www.goodreads.com/author/show/28186.Anthony_Doerr, https://images-na.ssl-images-amazon.com/images/S/compressed.photo.goodreads.com/books/1451445646i/18143977.jpg, https://i.gr-assets.com/images/S/compressed.photo.goodreads.com/books/1451445646i/18143977._SY75_.jpg
2, The Nightingale, Kristin Hannah, 4.60 avg rating - 1.113.408 ratings, 10.824, 109, https://www.goodreads.com/book/show/21853621-the-nightingale, https://www.goodreads.com/author/show/54493.Kristin_Hannah, https://images-na.ssl-images-amazon.com/images/S/compressed.photo.goodreads.com/books/1681839850i/21853621.jpg, https://i.gr-assets.com/images/S/compressed.photo.goodreads.com/books/1681839850i/21853621._SY75_.jpg
3, The Girl on the Train, Paula Hawkins, 3.95 avg rating - 2.730.027 ratings, 10.776, 109, https://www.goodreads.com/book/show/22557272-the-girl-on-the-train, https://www.goodreads.com/author/show/1063732.Paula_Hawkins, https://images-na.ssl-images-amazon.com/images/S/compressed.photo.goodreads.com/books/1574805682i/22557272jpg, https://i.gr-assets.com/images/S/compressed.photo.goodreads.com/books/1574805682i/22557272._SX50_.jpg
4, The Fault in Our Stars, John Green, 4.15 avg rating - 4.763.213 ratings, 9.399, 95, https://www.goodreads.com/book/show/11870085-the-fault-in-our-stars, https://www.goodreads.com/author/show/1406384.John_Green, https://images-na.ssl-images-amazon.com/images/S/compressed.photo.goodreads.com/books/1660273739i/11870085jpg, https://i.gr-assets.com/images/S/compressed.photo.goodreads.com/books/1660273739i/11870085._SX50_.jpg
5, Gone Girl, Gillian Flynn, 4.12 avg rating - 2.875.089 ratings, 8.339, 85, https://www.goodreads.com/book/show/19288043-gone-girl, https://www.goodreads.com/author/show/2383.Gillian_Flynn, https://images-na.ssl-images-amazon.com/images/S/compressed.photo.goodreads.com/books/1554086139i/19288043.jpg, https://i.gr-assets.com/images/S/compressed.photo.goodreads.com/books/1554086139i/19288043._SY75_.jpg
6, Me Before You (Me Before You #1), Jojo Moyes, 4.26 avg rating - 1.511.580 ratings, 5.784, 59, https://www.goodreads.com/book/show/15507958-me-before-you, https://www.goodreads.com/author/show/281810.Jojo_Moyes, https://images-na.ssl-images-amazon.com/images/S/compressed.photo.goodreads.com/books/1357108762i/15507958.jpg, https://i.gr-assets.com/images/S/compressed.photo.goodreads.com/books/1357108762i/15507958._SY75_.jpg
7, Orphan Train, Christina Baker Kline, 4.19 avg rating - 426.511 ratings, 5.700, 58, https://www.goodreads.com/book/show/15818107-orphan-train, https://www.goodreads.com/author/show/157146.Christina_Baker_Kline, https://images-na.ssl-images-amazon.com/images/S/compressed.photo.goodreads.com/books/1362409483i/15818107.jpg, https://i.gr-assets.com/images/S/compressed.photo.goodreads.com/books/1362409483i/15818107._SY75_.jpg
8, The Goldfinch, Donna Tartt, 3.93 avg rating - 866.164 ratings, 4.728, 48, https://www.goodreads.com/book/show/17333223-the-goldfinch, https://www.goodreads.com/author/show/8719.Donna_Tartt, https://images-na.ssl-images-amazon.com/images/S/compressed.photo.goodreads.com/books/1378710146i/17333223.jpg, https://i.gr-assets.com/images/S/compressed.photo.goodreads.com/books/1378710146i/17333223._SY75_.jpg
9, Big Little Lies, Liane Moriarty, 4.30 avg rating - 941.102 ratings, 4.122, 42, https://www.goodreads.com/book/show/19486412-big-little-lies, https://www.goodreads.com/author/show/322069.Liane_Moriarty, https://images-na.ssl-images-amazon.com/images/S/compressed.photo.goodreads.com/books/1594851437i/19486412.jpg, https://i.gr-assets.com/images/S/compressed.photo.goodreads.com/books/1594851437i/19486412._SY75_.jpg
10, The Invention of Wings, Sue Monk Kidd, 4.25 avg rating - 303.573 ratings, 3.679, 38, https://www.goodreads.com/book/show/18079776-the-invention-of-wings, https://www.goodreads.com/author/show/4711.Sue_Monk_Kidd, https://images-na.ssl-images-amazon.com/images/S/compressed.photo.goodreads.com/books/1386699861i/18079776.jpg, https://i.gr-assets.com/images/S/compressed.photo.goodreads.com/books/1386699861i/18079776._SY75_.jpg
11, Sarah's Key, Tatiana de Rosnay, 4.17 avg rating - 462.319 ratings, 3.596, 37, https://www.goodreads.com/book/show/556602.Sarah_s_Key, https://www.goodreads.com/author/show/305400.Tatiana_de_Rosnay, https://images-na.ssl-images-amazon.com/images/S/compressed.photo.goodreads.com/books/1438863728i/556602jpg, https://i.gr-assets.com/images/S/compressed.photo.goodreads.com/books/1438863728i/556602._SX50_.jpg
12, The Husband's Secret, Liane Moriarty, 3.95 avg rating - 638.856 ratings, 2.847, 30, https://www.goodreads.com/book/show/17802724-the-husband-s-secret, https://www.goodreads.com/author/show/322069.Liane_Moriarty, https://images-na.ssl-images-amazon.com/images/S/compressed.photo.goodreads.com/books/1460577225i/17802724.jpg, https://i.gr-assets.com/images/S/compressed.photo.goodreads.com/books/1460577225i/17802724._SY75_.jpg
13, Gray Mountain, John Grisham, 3.64 avg rating - 95.064 ratings, 2.615, 27, https://www.goodreads.com/book/show/20707959-gray-mountain, https://www.goodreads.com/author/show/721.John_Grisham, https://images-na.ssl-images-amazon.com/images/S/compressed.photo.goodreads.com/books/1403704671i/20707959.jpg, https://i.gr-assets.com/images/S/compressed.photo.goodreads.com/books/1403704671i/20707959._SY75_.jpg
14, Memory Man (Amos Decker #1), David Baldacci, 4.10 avg rating - 130.518 ratings, 2.135, 22, https://www.goodreads.com/book/show/23153154-memory-man, https://www.goodreads.com/author/show/9291.David_Baldacci, https://images-na.ssl-images-amazon.com/images/S/compressed.photo.goodreads.com/books/1421788503i/23153154jpg, https://i.gr-assets.com/images/S/compressed.photo.goodreads.com/books/1421788503i/23153154._SX50_.jpg
15, Sycamore Row (Jake Brigance #2), John Grisham, 4.07 avg rating - 125.107 ratings, 2.025, 21, https://www.goodreads.com/book/show/17288661-sycamore-row, https://www.goodreads.com/author/show/721.John_Grisham, https://images-na.ssl-images-amazon.com/images/S/compressed.photo.goodreads.com/books/1375888633i/17288661.jpg, https://i.gr-assets.com/images/S/compressed.photo.goodreads.com/books/1375888633i/17288661._SY75_.jpg
16, The Escape (John Puller #3), David Baldacci, 4.20 avg rating - 53.113 ratings, 1.743, 18, https://www.goodreads.com/book/show/20767918-the-escape, https://www.goodreads.com/author/show/9291.David_Baldacci, https://images-na.ssl-images-amazon.com/images/S/compressed.photo.goodreads.com/books/1404163742i/20767918.jpg, https://i.gr-assets.com/images/S/compressed.photo.goodreads.com/books/1404163742i/20767918._SY75_.jpg
17, The Rosie Effect (Don Tillman #2), Graeme Simsion, 3.62 avg rating - 126.966 ratings, 1.625, 17, https://www.goodreads.com/book/show/21844019-the-rosie-effect, https://www.goodreads.com/author/show/1895943.Graeme_Simsion, https://images-na.ssl-images-amazon.com/images/S/compressed.photo.goodreads.com/books/1426407990i/21844019.jpg, https://i.gr-assets.com/images/S/compressed.photo.goodreads.com/books/1426407990i/21844019._SY75_.jpg
18, Leaving Time, Jodi Picoult, 3.98 avg rating - 168.313 ratings, 1.619, 17, https://www.goodreads.com/book/show/18816603-leaving-time, https://www.goodreads.com/author/show/7128.Jodi_Picoult, https://images-na.ssl-images-amazon.com/images/S/compressed.photo.goodreads.com/books/1394487223i/18816603.jpg, https://i.gr-assets.com/images/S/compressed.photo.goodreads.com/books/1394487223i/18816603._SY75_.jpg
19, Be Careful What You Wish For (The Clifton Chronicles #4), Jeffrey Archer, 4.11 avg rating - 37.349 ratings, 1.566, 16, https://www.goodreads.com/book/show/18404285-be-careful-what-you-wish-for, https://www.goodreads.com/author/show/4820.Jeffrey_Archer, https://images-na.ssl-images-amazon.com/images/S/compressed.photo.goodreads.com/books/1392576182i/18404285.jpg, https://i.gr-assets.com/images/S/compressed.photo.goodreads.com/books/1392576182i/18404285._SY75_.jpg
20, A Spool of Blue Thread, Anne Tyler, 3.43 avg rating - 91.708 ratings, 1.544, 16, https://www.goodreads.com/book/show/22501028-a-spool-of-blue-thread, https://www.goodreads.com/author/show/457.Anne_Tyler, https://images-na.ssl-images-amazon.com/images/S/compressed.photo.goodreads.com/books/1451435883i/22501028jpg, https://i.gr-assets.com/images/S/compressed.photo.goodreads.com/books/1451435883i/22501028._SX50_.jpg
21, What Alice Forgot, Liane Moriarty, 4.08 avg rating - 441.363 ratings, 1.516, 16, https://www.goodreads.com/book/show/6469165-what-alice-forgot, https://www.goodreads.com/author/show/322069.Liane_Moriarty, https://images-na.ssl-images-amazon.com/images/S/compressed.photo.goodreads.com/books/1377159022i/6469165.jpg, https://i.gr-assets.com/images/S/compressed.photo.goodreads.com/books/1377159022i/6469165._SY75_.jpg
22, Before I Go, Colleen Oakley, 3.80 avg rating - 12.831 ratings, 1.169, 12, https://www.goodreads.com/book/show/20871704-before-i-go, https://www.goodreads.com/author/show/3126893.Colleen_Oakley, https://images-na.ssl-images-amazon.com/images/S/compressed.photo.goodreads.com/books/1397917357i/20871704.jpg, https://i.gr-assets.com/images/S/compressed.photo.goodreads.com/books/1397917357i/20871704._SY75_.jpg
23, As Chimney Sweepers Come to Dust (Flavia de Luce #7), Alan Bradley, 3.96 avg rating - 26.650 ratings, 1.092, 11, https://www.goodreads.com/book/show/21874813-as-chimney-sweepers-come-to-dust, https://www.goodreads.com/author/show/1074866.Alan_Bradley, https://images-na.ssl-images-amazon.com/images/S/compressed.photo.goodreads.com/books/1406214651i/21874813jpg, https://i.gr-assets.com/images/S/compressed.photo.goodreads.com/books/1406214651i/21874813._SX50_.jpg
24, Revival, Stephen King, 3.80 avg rating - 118.132 ratings, 1.080, 11, https://www.goodreads.com/book/show/20926278-revival, https://www.goodreads.com/author/show/3389.Stephen_King, https://images-na.ssl-images-amazon.com/images/S/compressed.photo.goodreads.com/books/1510335323i/20926278.jpg, https://i.gr-assets.com/images/S/compressed.photo.goodreads.com/books/1510335323i/20926278._SY75_.jpg
25, Edge of Eternity (The Century Trilogy #3), Ken Follett, 4.17 avg rating - 99.190 ratings, 1.065, 11, https://www.goodreads.com/book/show/11389875-edge-of-eternity, https://www.goodreads.com/author/show/3447.Ken_Follett, https://images-na.ssl-images-amazon.com/images/S/compressed.photo.goodreads.com/books/1377871984i/11389875.jpg, https://i.gr-assets.com/images/S/compressed.photo.goodreads.com/books/1377871984i/11389875._SY75_.jpg
26, The Selection (The Selection #1), Kiera Cass, 4.09 avg rating - 1.407.394 ratings, 1.064, 11, https://www.goodreads.com/book/show/10507293-the-selection, https://www.goodreads.com/author/show/2987125.Kiera_Cass, https://images-na.ssl-images-amazon.com/images/S/compressed.photo.goodreads.com/books/1322103400i/10507293.jpg, https://i.gr-assets.com/images/S/compressed.photo.goodreads.com/books/1322103400i/10507293._SY75_.jpg
27, Station Eleven, Emily St. John Mandel, 4.07 avg rating - 465.054 ratings, 1.062, 11, https://www.goodreads.com/book/show/20170404-station-eleven, https://www.goodreads.com/author/show/2786093.Emily_St_John_Mandel, https://images-na.ssl-images-amazon.com/images/S/compressed.photo.goodreads.com/books/1680459872i/20170404jpg, https://i.gr-assets.com/images/S/compressed.photo.goodreads.com/books/1680459872i/20170404._SX50_.jpg
28, Paper Towns, John Green, 3.73 avg rating - 1.259.788 ratings, 1.062, 11, https://www.goodreads.com/book/show/6442769-paper-towns, https://www.goodreads.com/author/show/1406384.John_Green, https://images-na.ssl-images-amazon.com/images/S/compressed.photo.goodreads.com/books/1349013610i/6442769jpg, https://i.gr-assets.com/images/S/compressed.photo.goodreads.com/books/1349013610i/6442769._SX50_.jpg
29, The Perks of Being a Wallflower, Stephen Chbosky, 4.22 avg rating - 1.659.028 ratings, 1.061, 11, https://www.goodreads.com/book/show/22628.The_Perks_of_Being_a_Wallflower, https://www.goodreads.com/author/show/12898.Stephen_Chbosky, https://images-na.ssl-images-amazon.com/images/S/compressed.photo.goodreads.com/books/1650033115i/22628jpg, https://i.gr-assets.com/images/S/compressed.photo.goodreads.com/books/1650033115i/22628._SX50_.jpg
30, The Rosie Project (Don Tillman #1), Graeme Simsion, 4.02 avg rating - 531.592 ratings, 1.054, 11, https://www.goodreads.com/book/show/17925125-the-rosie-project, https://www.goodreads.com/author/show/1895943.Graeme_Simsion, https://images-na.ssl-images-amazon.com/images/S/compressed.photo.goodreads.com/books/1368547996i/17925125.jpg, https://i.gr-assets.com/images/S/compressed.photo.goodreads.com/books/1368547996i/17925125._SY75_.jpg
31, Carry On (Simon Snow #1), Rainbow Rowell, 4.19 avg rating - 293.398 ratings, 881, 9, https://www.goodreads.com/book/show/23734628-carry-on, https://www.goodreads.com/author/show/4208569.Rainbow_Rowell, https://images-na.ssl-images-amazon.com/images/S/compressed.photo.goodreads.com/books/1514812545i/23734628.jpg, https://i.gr-assets.com/images/S/compressed.photo.goodreads.com/books/1514812545i/23734628._SY75_.jpg
32, The Boston Girl, Anita Diamant, 3.82 avg rating - 83.508 ratings, 879, 9, https://www.goodreads.com/book/show/22450859-the-boston-girl, https://www.goodreads.com/author/show/626222.Anita_Diamant, https://images-na.ssl-images-amazon.com/images/S/compressed.photo.goodreads.com/books/1418103945i/22450859jpg, https://i.gr-assets.com/images/S/compressed.photo.goodreads.com/books/1418103945i/22450859._SX50_.jpg
33, Golden Son (Red Rising Saga #2), Pierce Brown, 4.44 avg rating - 202.139 ratings, 877, 9, https://www.goodreads.com/book/show/18966819-golden-son, https://www.goodreads.com/author/show/6474348.Pierce_Brown, https://images-na.ssl-images-amazon.com/images/S/compressed.photo.goodreads.com/books/1394684475i/18966819.jpg, https://i.gr-assets.com/images/S/compressed.photo.goodreads.com/books/1394684475i/18966819._SY75_.jpg
34, The Burning Room (Harry Bosch #17; Harry Bosch Universe #26), Michael Connelly, 4.12 avg rating - 56.014 ratings, 783, 8, https://www.goodreads.com/book/show/20881071-the-burning-room, https://www.goodreads.com/author/show/12470.Michael_Connelly, https://images-na.ssl-images-amazon.com/images/S/compressed.photo.goodreads.com/books/1392997140i/20881071.jpg, https://i.gr-assets.com/images/S/compressed.photo.goodreads.com/books/1392997140i/20881071._SY75_.jpg
35, Finders Keepers (Bill Hodges Trilogy #2), Stephen King, 4.06 avg rating - 136.214 ratings, 782, 8, https://www.goodreads.com/book/show/22453035-finders-keepers, https://www.goodreads.com/author/show/3389.Stephen_King, https://images-na.ssl-images-amazon.com/images/S/compressed.photo.goodreads.com/books/1468705421i/22453035.jpg, https://i.gr-assets.com/images/S/compressed.photo.goodreads.com/books/1468705421i/22453035._SY75_.jpg
36, Fangirl, Rainbow Rowell, 3.97 avg rating - 716.955 ratings, 778, 8, https://www.goodreads.com/book/show/16068905-fangirl, https://www.goodreads.com/author/show/4208569.Rainbow_Rowell, https://images-na.ssl-images-amazon.com/images/S/compressed.photo.goodreads.com/books/1355886270i/16068905jpg, https://i.gr-assets.com/images/S/compressed.photo.goodreads.com/books/1355886270i/16068905._SX50_.jpg
37, First Frost (Waverley Family #2), Sarah Addison Allen, 3.97 avg rating - 34.879 ratings, 684, 7, https://www.goodreads.com/book/show/21853633-first-frost, https://www.goodreads.com/author/show/566874.Sarah_Addison_Allen, https://images-na.ssl-images-amazon.com/images/S/compressed.photo.goodreads.com/books/1410962794i/21853633jpg, https://i.gr-assets.com/images/S/compressed.photo.goodreads.com/books/1410962794i/21853633._SX50_.jpg
38, World After (Penryn & the End of Days #2), Susan Ee, 4.15 avg rating - 101.117 ratings, 666, 7, https://www.goodreads.com/book/show/17849112-world-after, https://www.goodreads.com/author/show/4890182.Susan_Ee, https://images-na.ssl-images-amazon.com/images/S/compressed.photo.goodreads.com/books/1423238855i/17849112jpg, https://i.gr-assets.com/images/S/compressed.photo.goodreads.com/books/1423238855i/17849112._SX50_.jpg
39, Hush Hush (Hush Hush #1), Becca Fitzpatrick, 3.93 avg rating - 677.456 ratings, 665, 7, https://www.goodreads.com/book/show/6339664-hush-hush, https://www.goodreads.com/author/show/2876763.Becca_Fitzpatrick, https://images-na.ssl-images-amazon.com/images/S/compressed.photo.goodreads.com/books/1358261334i/6339664.jpg, https://i.gr-assets.com/images/S/compressed.photo.goodreads.com/books/1358261334i/6339664._SY75_.jpg
40, The Bone Clocks, David Mitchell, 3.84 avg rating - 92.665 ratings, 659, 7, https://www.goodreads.com/book/show/20819685-the-bone-clocks, https://www.goodreads.com/author/show/6538289.David_Mitchell, https://images-na.ssl-images-amazon.com/images/S/compressed.photo.goodreads.com/books/1398205538i/20819685jpg, https://i.gr-assets.com/images/S/compressed.photo.goodreads.com/books/1398205538i/20819685._SX50_.jpg
41, Dead Heat (Alpha & Omega #4), Patricia Briggs, 4.31 avg rating - 36.897 ratings, 593, 6, https://www.goodreads.com/book/show/22571699-dead-heat, https://www.goodreads.com/author/show/40563.Patricia_Briggs, https://images-na.ssl-images-amazon.com/images/S/compressed.photo.goodreads.com/books/1406232150i/22571699.jpg, https://i.gr-assets.com/images/S/compressed.photo.goodreads.com/books/1406232150i/22571699._SY75_.jpg
42, All the Single Ladies (Lowcountry Tales #10), Dorothea Benton Frank, 3.63 avg rating - 10.464 ratings, 592, 6, https://www.goodreads.com/book/show/23215447-all-the-single-ladies, https://www.goodreads.com/author/show/36935.Dorothea_Benton_Frank, https://images-na.ssl-images-amazon.com/images/S/compressed.photo.goodreads.com/books/1432527020i/23215447.jpg, https://i.gr-assets.com/images/S/compressed.photo.goodreads.com/books/1432527020i/23215447._SY75_.jpg
43, Red Queen (Red Queen #1), Victoria Aveyard, 4.02 avg rating - 900.077 ratings, 575, 6, https://www.goodreads.com/book/show/17878931-red-queen, https://www.goodreads.com/author/show/7074943.Victoria_Aveyard, https://images-na.ssl-images-amazon.com/images/S/compressed.photo.goodreads.com/books/1411472322i/17878931.jpg, https://i.gr-assets.com/images/S/compressed.photo.goodreads.com/books/1411472322i/17878931._SY75_.jpg
44, Fallen (Fallen #1), Lauren Kate, 3.72 avg rating - 565.381 ratings, 572, 6, https://www.goodreads.com/book/show/6487308-fallen, https://www.goodreads.com/author/show/2905297.Lauren_Kate, https://images-na.ssl-images-amazon.com/images/S/compressed.photo.goodreads.com/books/1440619649i/6487308.jpg, https://i.gr-assets.com/images/S/compressed.photo.goodreads.com/books/1440619649i/6487308._SY75_.jpg
45, Defending Jacob, William Landay, 3.99 avg rating - 289.568 ratings, 571, 6, https://www.goodreads.com/book/show/11367726-defending-jacob, https://www.goodreads.com/author/show/218843.William_Landay, https://images-na.ssl-images-amazon.com/images/S/compressed.photo.goodreads.com/books/1329612158i/11367726.jpg, https://i.gr-assets.com/images/S/compressed.photo.goodreads.com/books/1329612158i/11367726._SY75_.jpg
46, In the Unlikely Event, Judy Blume, 3.55 avg rating - 65.668 ratings, 566, 6, https://www.goodreads.com/book/show/23899174-in-the-unlikely-event, https://www.goodreads.com/author/show/12942.Judy_Blume, https://images-na.ssl-images-amazon.com/images/S/compressed.photo.goodreads.com/books/1421711380i/23899174jpg, https://i.gr-assets.com/images/S/compressed.photo.goodreads.com/books/1421711380i/23899174._SX50_.jpg
47, Obsession in Death (In Death #40), J.D. Robb, 4.36 avg rating - 23.090 ratings, 496, 5, https://www.goodreads.com/book/show/22571696-obsession-in-death, https://www.goodreads.com/author/show/17065.J_D_Robb, https://images-na.ssl-images-amazon.com/images/S/compressed.photo.goodreads.com/books/1406509523i/22571696.jpg, https://i.gr-assets.com/images/S/compressed.photo.goodreads.com/books/1406509523i/22571696._SY75_.jpg
48, Saint Odd (Odd Thomas #7), Dean Koontz, 4.18 avg rating - 20.710 ratings, 486, 5, https://www.goodreads.com/book/show/15722284-saint-odd, https://www.goodreads.com/author/show/9355.Dean_Koontz, https://images-na.ssl-images-amazon.com/images/S/compressed.photo.goodreads.com/books/1403303609i/15722284.jpg, https://i.gr-assets.com/images/S/compressed.photo.goodreads.com/books/1403303609i/15722284._SY75_.jpg
49, Torment (Fallen #2), Lauren Kate, 3.85 avg rating - 229.105 ratings, 483, 5, https://www.goodreads.com/book/show/7740152-torment, https://www.goodreads.com/author/show/2905297.Lauren_Kate, https://images-na.ssl-images-amazon.com/images/S/compressed.photo.goodreads.com/books/1362339749i/7740152.jpg, https://i.gr-assets.com/images/S/compressed.photo.goodreads.com/books/1362339749i/7740152._SY75_.jpg
50, Our Souls at Night, Kent Haruf, 3.92 avg rating - 71.520 ratings, 478, 5, https://www.goodreads.com/book/show/23602562-our-souls-at-night, https://www.goodreads.com/author/show/16266.Kent_Haruf, https://images-na.ssl-images-amazon.com/images/S/compressed.photo.goodreads.com/books/1418766517i/23602562jpg, https://i.gr-assets.com/images/S/compressed.photo.goodreads.com/books/1418766517i/23602562._SX50_.jpg
51, Rain on the Dead (Sean Dillon #21), Jack Higgins, 3.78 avg rating - 2.525 ratings, 396, 4, https://www.goodreads.com/book/show/20821202-rain-on-the-dead, https://www.goodreads.com/author/show/19706.Jack_Higgins, https://images-na.ssl-images-amazon.com/images/S/compressed.photo.goodreads.com/books/1396830412i/20821202.jpg, https://i.gr-assets.com/images/S/compressed.photo.goodreads.com/books/1396830412i/20821202._SY75_.jpg
52, Full Force and Effect (Jack Ryan #10), Mark Greaney, 4.26 avg rating - 10.888 ratings, 394, 4, https://www.goodreads.com/book/show/22825382-full-force-and-effect, https://www.goodreads.com/author/show/2961590.Mark_Greaney, https://images-na.ssl-images-amazon.com/images/S/compressed.photo.goodreads.com/books/1412530776i/22825382.jpg, https://i.gr-assets.com/images/S/compressed.photo.goodreads.com/books/1412530776i/22825382._SY75_.jpg
53, Burned (Fever #7), Karen Marie Moning, 4.17 avg rating - 36.673 ratings, 392, 4, https://www.goodreads.com/book/show/12444297-burned, https://www.goodreads.com/author/show/48206.Karen_Marie_Moning, https://images-na.ssl-images-amazon.com/images/S/compressed.photo.goodreads.com/books/1407503200i/12444297.jpg, https://i.gr-assets.com/images/S/compressed.photo.goodreads.com/books/1407503200i/12444297._SY75_.jpg
54, Hope to Die (Alex Cross #22), James Patterson, 4.20 avg rating - 27.722 ratings, 389, 4, https://www.goodreads.com/book/show/20800147-hope-to-die, https://www.goodreads.com/author/show/3780.James_Patterson, https://images-na.ssl-images-amazon.com/images/S/compressed.photo.goodreads.com/books/1414130505i/20800147.jpg, https://i.gr-assets.com/images/S/compressed.photo.goodreads.com/books/1414130505i/20800147._SY75_.jpg
55, Mightier Than the Sword (The Clifton Chronicles #5), Jeffrey Archer, 4.17 avg rating - 31.563 ratings, 388, 4, https://www.goodreads.com/book/show/21853645-mightier-than-the-sword, https://www.goodreads.com/author/show/4820.Jeffrey_Archer, https://images-na.ssl-images-amazon.com/images/S/compressed.photo.goodreads.com/books/1407772906i/21853645.jpg, https://i.gr-assets.com/images/S/compressed.photo.goodreads.com/books/1407772906i/21853645._SY75_.jpg
56, Dreaming Spies (Mary Russell and Sherlock Holmes #13), Laurie R. King, 4.08 avg rating - 9.172 ratings, 383, 4, https://www.goodreads.com/book/show/22318363-dreaming-spies, https://www.goodreads.com/author/show/6760.Laurie_R_King, https://images-na.ssl-images-amazon.com/images/S/compressed.photo.goodreads.com/books/1401917932i/22318363jpg, https://i.gr-assets.com/images/S/compressed.photo.goodreads.com/books/1401917932i/22318363._SX50_.jpg
57, Pope Joan, Donna Woolfolk Cross, 4.08 avg rating - 69.853 ratings, 383, 4, https://www.goodreads.com/book/show/6587628-pope-joan, https://www.goodreads.com/author/show/44605.Donna_Woolfolk_Cross, https://images-na.ssl-images-amazon.com/images/S/compressed.photo.goodreads.com/books/1583092537i/6587628.jpg, https://i.gr-assets.com/images/S/compressed.photo.goodreads.com/books/1583092537i/6587628._SY75_.jpg
58, Funny Girl, Nick Hornby, 3.40 avg rating - 29.734 ratings, 364, 4, https://www.goodreads.com/book/show/22749994-funny-girl, https://www.goodreads.com/author/show/2929.Nick_Hornby, https://images-na.ssl-images-amazon.com/images/S/compressed.photo.goodreads.com/books/1415127744i/22749994.jpg, https://i.gr-assets.com/images/S/compressed.photo.goodreads.com/books/1415127744i/22749994._SY75_.jpg
59, The Buried Giant, Kazuo Ishiguro, 3.56 avg rating - 95.868 ratings, 297, 3, https://www.goodreads.com/book/show/22522805-the-buried-giant, https://www.goodreads.com/author/show/4280.Kazuo_Ishiguro, https://images-na.ssl-images-amazon.com/images/S/compressed.photo.goodreads.com/books/1451444392i/22522805jpg, https://i.gr-assets.com/images/S/compressed.photo.goodreads.com/books/1451444392i/22522805._SX50_.jpg
60, Private Vegas (Private #9), James Patterson, 3.78 avg rating - 13.781 ratings, 296, 3, https://www.goodreads.com/book/show/21423303-private-vegas, https://www.goodreads.com/author/show/3780.James_Patterson, https://images-na.ssl-images-amazon.com/images/S/compressed.photo.goodreads.com/books/1394568740i/21423303.jpg, https://i.gr-assets.com/images/S/compressed.photo.goodreads.com/books/1394568740i/21423303._SY75_.jpg
61, Crash & Burn (Tessa Leoni #3), Lisa Gardner, 4.03 avg rating - 21.355 ratings, 295, 3, https://www.goodreads.com/book/show/22571612-crash-burn, https://www.goodreads.com/author/show/18282.Lisa_Gardner, https://images-na.ssl-images-amazon.com/images/S/compressed.photo.goodreads.com/books/1403630851i/22571612.jpg, https://i.gr-assets.com/images/S/compressed.photo.goodreads.com/books/1403630851i/22571612._SY75_.jpg
62, Four: A Divergent Story Collection (Divergent #0.1-0.4), Veronica Roth, 3.97 avg rating - 210.066 ratings, 293, 3, https://www.goodreads.com/book/show/18126198-four, https://www.goodreads.com/author/show/4039811.Veronica_Roth, https://images-na.ssl-images-amazon.com/images/S/compressed.photo.goodreads.com/books/1393687572i/18126198.jpg, https://i.gr-assets.com/images/S/compressed.photo.goodreads.com/books/1393687572i/18126198._SY75_.jpg
63, Last to Die (Rizzoli & Isles #10), Tess Gerritsen, 4.12 avg rating - 31.526 ratings, 292, 3, https://www.goodreads.com/book/show/13272498-last-to-die, https://www.goodreads.com/author/show/18149.Tess_Gerritsen, https://images-na.ssl-images-amazon.com/images/S/compressed.photo.goodreads.com/books/1388194995i/13272498.jpg, https://i.gr-assets.com/images/S/compressed.photo.goodreads.com/books/1388194995i/13272498._SY75_.jpg
64, Cold Cold Heart, Tami Hoag, 3.89 avg rating - 16.022 ratings, 292, 3, https://www.goodreads.com/book/show/18693918-cold-cold-heart, https://www.goodreads.com/author/show/9890.Tami_Hoag, https://images-na.ssl-images-amazon.com/images/S/compressed.photo.goodreads.com/books/1382937667i/18693918.jpg, https://i.gr-assets.com/images/S/compressed.photo.goodreads.com/books/1382937667i/18693918._SY75_.jpg
65, Somewhere Safe with Somebody Good (Mitford Years #12), Jan Karon, 4.28 avg rating - 13.205 ratings, 288, 3, https://www.goodreads.com/book/show/20702311-somewhere-safe-with-somebody-good, https://www.goodreads.com/author/show/40552.Jan_Karon, https://images-na.ssl-images-amazon.com/images/S/compressed.photo.goodreads.com/books/1400863027i/20702311.jpg, https://i.gr-assets.com/images/S/compressed.photo.goodreads.com/books/1400863027i/20702311._SY75_.jpg
66, The Accidental Empress (Sisi #1), Allison Pataki, 3.90 avg rating - 16.940 ratings, 284, 3, https://www.goodreads.com/book/show/22609307-the-accidental-empress, https://www.goodreads.com/author/show/7155436.Allison_Pataki, https://images-na.ssl-images-amazon.com/images/S/compressed.photo.goodreads.com/books/1424053674i/22609307.jpg, https://i.gr-assets.com/images/S/compressed.photo.goodreads.com/books/1424053674i/22609307._SY75_.jpg
67, What She Left Behind, Ellen Marie Wiseman, 3.96 avg rating - 51.887 ratings, 278, 3, https://www.goodreads.com/book/show/19802332-what-she-left-behind, https://www.goodreads.com/author/show/5416814.Ellen_Marie_Wiseman, https://images-na.ssl-images-amazon.com/images/S/compressed.photo.goodreads.com/books/1438168510i/19802332jpg, https://i.gr-assets.com/images/S/compressed.photo.goodreads.com/books/1438168510i/19802332._SX50_.jpg
68, Trigger Warning: Short Fictions and Disturbances, Neil Gaiman, 3.92 avg rating - 58.663 ratings, 273, 3, https://www.goodreads.com/book/show/22522808-trigger-warning, https://www.goodreads.com/author/show/1221698.Neil_Gaiman, https://images-na.ssl-images-amazon.com/images/S/compressed.photo.goodreads.com/books/1415036119i/22522808jpg, https://i.gr-assets.com/images/S/compressed.photo.goodreads.com/books/1415036119i/22522808._SX50_.jpg
69, Seveneves, Neal Stephenson, really liked it 4.00 avg rating - 110.237 ratings, 200, 2, https://www.goodreads.com/book/show/22816087-seveneves, https://www.goodreads.com/author/show/545.Neal_Stephenson, https://images-na.ssl-images-amazon.com/images/S/compressed.photo.goodreads.com/books/1449142000i/22816087.jpg, https://i.gr-assets.com/images/S/compressed.photo.goodreads.com/books/1449142000i/22816087._SY75_.jpg
70, A Knight of the Seven Kingdoms (The Tales of Dunk and Egg #1-3), George R.R. Martin, 4.22 avg rating - 81.324 ratings, 200, 2, https://www.goodreads.com/book/show/18635622-a-knight-of-the-seven-kingdoms, https://www.goodreads.com/author/show/346732.George_R_R_Martin, https://images-na.ssl-images-amazon.com/images/S/compressed.photo.goodreads.com/books/1423281810i/18635622.jpg, https://i.gr-assets.com/images/S/compressed.photo.goodreads.com/books/1423281810i/18635622._SY75_.jpg
71, The Girl in the Spider's Web (Millennium #4), David Lagercrantz, 3.79 avg rating - 153.945 ratings, 200, 2, https://www.goodreads.com/book/show/25196214-the-girl-in-the-spider-s-web, https://www.goodreads.com/author/show/242659.David_Lagercrantz, https://images-na.ssl-images-amazon.com/images/S/compressed.photo.goodreads.com/books/1427843609i/25196214jpg, https://i.gr-assets.com/images/S/compressed.photo.goodreads.com/books/1427843609i/25196214._SX50_.jpg
72, The Fifth Gospel, Ian Caldwell, 3.73 avg rating - 10.525 ratings, 198, 2, https://www.goodreads.com/book/show/22609406-the-fifth-gospel, https://www.goodreads.com/author/show/11111.Ian_Caldwell, https://images-na.ssl-images-amazon.com/images/S/compressed.photo.goodreads.com/books/1423486137i/22609406.jpg, https://i.gr-assets.com/images/S/compressed.photo.goodreads.com/books/1423486137i/22609406._SY75_.jpg
73, A Thousand Pieces of You (Firebird #1), Claudia Gray, 3.90 avg rating - 56.377 ratings, 198, 2, https://www.goodreads.com/book/show/17234658-a-thousand-pieces-of-you, https://www.goodreads.com/author/show/1192311.Claudia_Gray, https://images-na.ssl-images-amazon.com/images/S/compressed.photo.goodreads.com/books/1400166295i/17234658.jpg, https://i.gr-assets.com/images/S/compressed.photo.goodreads.com/books/1400166295i/17234658._SY75_.jpg
74, Shadows (The Rephaim #1), Paula Weston, 3.96 avg rating - 7.989 ratings, 197, 2, https://www.goodreads.com/book/show/13414835-shadows, https://www.goodreads.com/author/show/5446913.Paula_Weston, https://images-na.ssl-images-amazon.com/images/S/compressed.photo.goodreads.com/books/1337426703i/13414835.jpg, https://i.gr-assets.com/images/S/compressed.photo.goodreads.com/books/1337426703i/13414835._SY75_.jpg
75, The Assassin (Isaac Bell #8), Clive Cussler, 4.05 avg rating - 5.404 ratings, 196, 2, https://www.goodreads.com/book/show/22571740-the-assassin, https://www.goodreads.com/author/show/18411.Clive_Cussler, https://images-na.ssl-images-amazon.com/images/S/compressed.photo.goodreads.com/books/1405293598i/22571740.jpg, https://i.gr-assets.com/images/S/compressed.photo.goodreads.com/books/1405293598i/22571740._SY75_.jpg
76, Die Again (Rizzoli & Isles #11), Tess Gerritsen, 4.19 avg rating - 28.342 ratings, 196, 2, https://www.goodreads.com/book/show/21489683-die-again, https://www.goodreads.com/author/show/18149.Tess_Gerritsen, https://images-na.ssl-images-amazon.com/images/S/compressed.photo.goodreads.com/books/1395144977i/21489683.jpg, https://i.gr-assets.com/images/S/compressed.photo.goodreads.com/books/1395144977i/21489683._SY75_.jpg
77, Insatiable Appetites (Stone Barrington #32), Stuart Woods, 3.86 avg rating - 5.523 ratings, 196, 2, https://www.goodreads.com/book/show/22521941-insatiable-appetites, https://www.goodreads.com/author/show/3936.Stuart_Woods, https://images-na.ssl-images-amazon.com/images/S/compressed.photo.goodreads.com/books/1406505908i/22521941.jpg, https://i.gr-assets.com/images/S/compressed.photo.goodreads.com/books/1406505908i/22521941._SY75_.jpg
78, The Fixer, Joseph Finder, 3.71 avg rating - 7.357 ratings, 196, 2, https://www.goodreads.com/book/show/23281921-the-fixer, https://www.goodreads.com/author/show/63460.Joseph_Finder, https://images-na.ssl-images-amazon.com/images/S/compressed.photo.goodreads.com/books/1414349079i/23281921.jpg, https://i.gr-assets.com/images/S/compressed.photo.goodreads.com/books/1414349079i/23281921._SY75_.jpg
79, The Assassination Option (Clandestine Operations #2), W.E.B. Griffin, 4.14 avg rating - 2.196 ratings, 195, 2, https://www.goodreads.com/book/show/23013640-the-assassination-option, https://www.goodreads.com/author/show/1415338.W_E_B_Griffin, https://images-na.ssl-images-amazon.com/images/S/compressed.photo.goodreads.com/books/1417983003i/23013640.jpg, https://i.gr-assets.com/images/S/compressed.photo.goodreads.com/books/1417983003i/23013640._SY75_.jpg
80, The Third Target (J. B. Collins #1), Joel C. Rosenberg, 4.29 avg rating - 6.471 ratings, 193, 2, https://www.goodreads.com/book/show/22798864-the-third-target, https://www.goodreads.com/author/show/221833.Joel_C_Rosenberg, https://images-na.ssl-images-amazon.com/images/S/compressed.photo.goodreads.com/books/1422215356i/22798864jpg, https://i.gr-assets.com/images/S/compressed.photo.goodreads.com/books/1422215356i/22798864._SX50_.jpg
81, Dead Ice (Anita Blake Vampire Hunter #24), Laurell K. Hamilton, 3.94 avg rating - 14.608 ratings, 193, 2, https://www.goodreads.com/book/show/21066968-dead-ice, https://www.goodreads.com/author/show/9550.Laurell_K_Hamilton, https://images-na.ssl-images-amazon.com/images/S/compressed.photo.goodreads.com/books/1421548154i/21066968.jpg, https://i.gr-assets.com/images/S/compressed.photo.goodreads.com/books/1421548154i/21066968._SY75_.jpg
82, Brothers Forever, Patrick Winsor, 2.81 avg rating - 27 ratings, 193, 2, https://www.goodreads.com/book/show/27508183-brothers-forever, https://www.goodreads.com/author/show/14611951.Patrick_Winsor, https://images-na.ssl-images-amazon.com/images/S/compressed.photo.goodreads.com/books/1446836591i/27508183.jpg, https://i.gr-assets.com/images/S/compressed.photo.goodreads.com/books/1446836591i/27508183._SY75_.jpg
83, The Wild Truth, Carine McCandless, 3.81 avg rating - 11.146 ratings, 193, 2, https://www.goodreads.com/book/show/23533629-the-wild-truth, https://www.goodreads.com/author/show/7055520.Carine_McCandless, https://images-na.ssl-images-amazon.com/images/S/compressed.photo.goodreads.com/books/1418960762i/23533629.jpg, https://i.gr-assets.com/images/S/compressed.photo.goodreads.com/books/1418960762i/23533629._SY75_.jpg
84, Trust No One, Jayne Ann Krentz, 3.88 avg rating - 7.642 ratings, 191, 2, https://www.goodreads.com/book/show/22459697-trust-no-one, https://www.goodreads.com/author/show/2387.Jayne_Ann_Krentz, https://images-na.ssl-images-amazon.com/images/S/compressed.photo.goodreads.com/books/1405616824i/22459697.jpg, https://i.gr-assets.com/images/S/compressed.photo.goodreads.com/books/1405616824i/22459697._SY75_.jpg
85, Flesh and Blood (Kay Scarpetta #22), Patricia Cornwell, 3.74 avg rating - 19.780 ratings, 188, 2, https://www.goodreads.com/book/show/20768868-flesh-and-blood, https://www.goodreads.com/author/show/1025097.Patricia_Cornwell, https://images-na.ssl-images-amazon.com/images/S/compressed.photo.goodreads.com/books/1403704254i/20768868.jpg, https://i.gr-assets.com/images/S/compressed.photo.goodreads.com/books/1403704254i/20768868._SY75_.jpg
86, No Fortunate Son (Pike Logan #7), Brad Taylor, 4.37 avg rating - 5.235 ratings, 100, 1, https://www.goodreads.com/book/show/22522168-no-fortunate-son, https://www.goodreads.com/author/show/1279042.Brad_Taylor, https://images-na.ssl-images-amazon.com/images/S/compressed.photo.goodreads.com/books/1407105170i/22522168.jpg, https://i.gr-assets.com/images/S/compressed.photo.goodreads.com/books/1407105170i/22522168._SY75_.jpg
87, Hush Hush (Tess Monaghan #12), Laura Lippman, 3.54 avg rating - 6.508 ratings, 100, 1, https://www.goodreads.com/book/show/22206617-hush-hush, https://www.goodreads.com/author/show/60459.Laura_Lippman, https://images-na.ssl-images-amazon.com/images/S/compressed.photo.goodreads.com/books/1413403259i/22206617.jpg, https://i.gr-assets.com/images/S/compressed.photo.goodreads.com/books/1413403259i/22206617._SY75_.jpg
88, Escape From Purgatory, Sephor Rud, 3.18 avg rating - 11 ratings, 100, 1, https://www.goodreads.com/book/show/25346822-escape-from-purgatory, https://www.goodreads.com/author/show/13818487.Sephor_Rud, https://images-na.ssl-images-amazon.com/images/S/compressed.photo.goodreads.com/books/1429339544i/25346822.jpg, https://i.gr-assets.com/images/S/compressed.photo.goodreads.com/books/1429339544i/25346822._SY75_.jpg
89, Faking Delinquency, Ashley Winters, 4.37 avg rating - 891 ratings, 100, 1, https://www.goodreads.com/book/show/23279538-faking-delinquency, https://www.goodreads.com/author/show/7182295.Ashley_Winters, https://images-na.ssl-images-amazon.com/images/S/compressed.photo.goodreads.com/books/1555047768i/23279538jpg, https://i.gr-assets.com/images/S/compressed.photo.goodreads.com/books/1555047768i/23279538._SX50_.jpg
90, Ten Thousand Skies Above You (Firebird #2), Claudia Gray, 4.06 avg rating - 22.187 ratings, 100, 1, https://www.goodreads.com/book/show/17234659-ten-thousand-skies-above-you, https://www.goodreads.com/author/show/1192311.Claudia_Gray, https://images-na.ssl-images-amazon.com/images/S/compressed.photo.goodreads.com/books/1423065898i/17234659.jpg, https://i.gr-assets.com/images/S/compressed.photo.goodreads.com/books/1423065898i/17234659._SY75_.jpg
91, Zoo Story: Life in the Garden of Captives, Thomas   French, 3.99 avg rating - 3.083 ratings, 99, 1, https://www.goodreads.com/book/show/8800886-zoo-story, https://www.goodreads.com/author/show/28145.Thomas_French, https://images-na.ssl-images-amazon.com/images/S/compressed.photo.goodreads.com/books/1328348885i/8800886.jpg, https://i.gr-assets.com/images/S/compressed.photo.goodreads.com/books/1328348885i/8800886._SY75_.jpg
92, Redeployment, Phil Klay, 3.96 avg rating - 23.562 ratings, 98, 1, https://www.goodreads.com/book/show/18114068-redeployment, https://www.goodreads.com/author/show/7114556.Phil_Klay, https://images-na.ssl-images-amazon.com/images/S/compressed.photo.goodreads.com/books/1417987993i/18114068.jpg, https://i.gr-assets.com/images/S/compressed.photo.goodreads.com/books/1417987993i/18114068._SY75_.jpg
93, Blueprints, Barbara Delinsky, 3.76 avg rating - 7.750 ratings, 98, 1, https://www.goodreads.com/book/show/23245586-blueprints, https://www.goodreads.com/author/show/36492.Barbara_Delinsky, https://images-na.ssl-images-amazon.com/images/S/compressed.photo.goodreads.com/books/1416591247i/23245586.jpg, https://i.gr-assets.com/images/S/compressed.photo.goodreads.com/books/1416591247i/23245586._SY75_.jpg
94, The Empty Throne (The Saxon Stories #8), Bernard Cornwell, 4.38 avg rating - 23.226 ratings, 97, 1, https://www.goodreads.com/book/show/21045103-the-empty-throne, https://www.goodreads.com/author/show/12542.Bernard_Cornwell, https://images-na.ssl-images-amazon.com/images/S/compressed.photo.goodreads.com/books/1408716325i/21045103.jpg, https://i.gr-assets.com/images/S/compressed.photo.goodreads.com/books/1408716325i/21045103._SY75_.jpg
95, The Mime Order (The Bone Season #2), Samantha    Shannon, 4.20 avg rating - 28.598 ratings, 96, 1, https://www.goodreads.com/book/show/17901125-the-mime-order, https://www.goodreads.com/author/show/5830526.Samantha_Shannon, https://images-na.ssl-images-amazon.com/images/S/compressed.photo.goodreads.com/books/1421696237i/17901125.jpg, https://i.gr-assets.com/images/S/compressed.photo.goodreads.com/books/1421696237i/17901125._SY75_.jpg
96, Double Fudge Brownie Murder (Hannah Swensen #18), Joanne Fluke, 3.62 avg rating - 9.567 ratings, 95, 1, https://www.goodreads.com/book/show/22544406-double-fudge-brownie-murder, https://www.goodreads.com/author/show/18819.Joanne_Fluke, https://images-na.ssl-images-amazon.com/images/S/compressed.photo.goodreads.com/books/1410758005i/22544406.jpg, https://i.gr-assets.com/images/S/compressed.photo.goodreads.com/books/1410758005i/22544406._SY75_.jpg
97, Leaving Berlin, Joseph Kanon, 3.70 avg rating - 7.798 ratings, 95, 1, https://www.goodreads.com/book/show/21943244-leaving-berlin, https://www.goodreads.com/author/show/12984.Joseph_Kanon, https://images-na.ssl-images-amazon.com/images/S/compressed.photo.goodreads.com/books/1422848738i/21943244.jpg, https://i.gr-assets.com/images/S/compressed.photo.goodreads.com/books/1422848738i/21943244._SY75_.jpg
98, Bahia de los Misterios, Roberto Ampuero, 3.61 avg rating - 183 ratings, 95, 1, https://www.goodreads.com/book/show/18878443-bah-a-de-los-misterios, https://www.goodreads.com/author/show/38312.Roberto_Ampuero, https://images-na.ssl-images-amazon.com/images/S/compressed.photo.goodreads.com/books/1385056006i/18878443.jpg, https://i.gr-assets.com/images/S/compressed.photo.goodreads.com/books/1385056006i/18878443._SY75_.jpg
99, El arbol de la vida (Trilogia del Malamor #3), Jose Ignacio Valenzuela, 4.04 avg rating - 351 ratings, 93, 1, https://www.goodreads.com/book/show/18218443-el-rbol-de-la-vida, https://www.goodreads.com/author/show/5009671.Jos_Ignacio_Valenzuela, https://images-na.ssl-images-amazon.com/images/S/compressed.photo.goodreads.com/books/1378160901i/18218443jpg, https://i.gr-assets.com/images/S/compressed.photo.goodreads.com/books/1378160901i/18218443._SX50_.jpg
100, The Iron King (The Iron Fey #1), Julie Kagawa, 3.88 avg rating - 208.544 ratings, 89, 1, https://www.goodreads.com/book/show/6644117-the-iron-king, https://www.goodreads.com/author/show/2995873.Julie_Kagawa, https://images-na.ssl-images-amazon.com/images/S/compressed.photo.goodreads.com/books/1327877670i/6644117.jpg, https://i.gr-assets.com/images/S/compressed.photo.goodreads.com/books/1327877670i/6644117._SY75_.jpg
