Index, Title, Author, Author_Link, Author_Image, Author_Born, Author_Web, Author_Bio 
1, All the Light We Cannot See, Anthony Doerr, https://www.goodreads.com/author/show/28186.Anthony_Doerr, https://images.gr-assets.com/authors/1417812584p5/28186.jpg," Cleveland, Ohio, The United States", http://www.anthonydoerr.com/," Anthony Doerr is the author of six books, The Shell Collector, About Grace, Memory Wall, Four Seasons in Rome, All the Light We Cannot See, and Cloud Cuckoo Land. Doerr is a two-time National Book Award finalist, and his fiction has won five O. Henry Prizes and won a number of prizes including the Pulitzer Prize and the Carnegie Medal. Become a fan on Facebook and stay up-to-date on his latest publications."
2, The Nightingale, Kristin Hannah, https://www.goodreads.com/author/show/54493.Kristin_Hannah, https://images.gr-assets.com/authors/1517255843p5/54493.jpg," Southern California, The United States", http://kristinhannah.com," Kristin Hannah is the award-winning and bestselling author of more than 20 novels including the international blockbuster, The Nightingale, which was named Goodreads Best Historical fiction novel for 2015 and won the coveted People's Choice award for best fiction in the same year. It was named a Best Book of the Year by Amazon, iTunes, Buzzfeed, the Wall Street Journal, Paste, and The Week. In 2018, The Great Alone became an instant New York Times #1 bestseller and was named the Best Historical Novel of the Year by Goodreads.The Four Winds was published in February of 2021 and immediately hit #1 on the New York Times, Wall Street Journal, USA Today, and Indie bookstore's bestseller lists. Additionally, it was selected as a book club pick by"
3, The Girl on the Train, Paula Hawkins, https://www.goodreads.com/author/show/1063732.Paula_Hawkins, https://images.gr-assets.com/authors/1492111911p5/1063732.jpg, Zimbabwe, http://paulahawkinsbooks.com/," Paula Hawkins is the author of the #1 New York Times bestseller The Girl on the Train, which was made into a major motion picture. Her new novel of psychological suspense, Into The Water, is coming May 2."
4, The Fault in Our Stars, John Green, https://www.goodreads.com/author/show/1406384.John_Green, https://images.gr-assets.com/authors/1353452301p5/1406384.jpg," Indianapolis, The United States", http://www.johngreenbooks.com/," Librarian Note: There is more than one author in the Goodreads database with this name.John Green's first novel, Looking for Alaska, won the 2006 Michael L. Printz Award presented by the American Library Association. His second novel, An Abundance of Katherines, was a 2007 Michael L. Printz Award Honor Book and a finalist for the Los Angeles Times Book Prize. His next novel, Paper Towns, is a New York Times bestseller and won the Edgar Allen Poe Award for Best YA Mystery. In January 2012, his most recent novel, The Fault in Our Stars, was met with wide critical acclaim, unprecedented in Green's career. The praise included rave reviews in Time Magazine and The New York Times, on NPR, and from award-winning author Markus Zusak. The book also "
5, Gone Girl, Gillian Flynn, https://www.goodreads.com/author/show/2383.Gillian_Flynn, https://images.gr-assets.com/authors/1232123231p5/2383.jpg," Kansas City, MO, The United States", http://gillian-flynn.com/," Gillian Flynn is an American author and television critic for Entertainment Weekly. She has so far written three novels, Sharp Objects, for which she won the 2007 Ian Fleming Steel Dagger for the best thriller, Dark Places, and her best-selling third novel Gone Girl.Her book has received wide praise, including from authors such as Stephen King. The dark plot revolves around a serial killer in a Missouri town, and the reporter who has returned from Chicago to cover the event. Themes include dysfunctional families,violence and self-harm.In 2007 the novel was shortlisted for the Mystery Writers of America Edgar for Best First Novel by an American Writer, Crime Writers' Association Duncan Lawrie, CWA New Blood and Ian Fleming Steel Daggers, win"
6, Me Before You (Me Before You #1), Jojo Moyes, https://www.goodreads.com/author/show/281810.Jojo_Moyes, https://images.gr-assets.com/authors/1400624880p5/281810.jpg," London, England, The United Kingdom", http://www.jojomoyes.com," Jojo Moyes is a British novelist.Moyes studied at Royal Holloway, University of London. She won a bursary financed by The Independent newspaper to study journalism at City University and subsequently worked for The Independent for 10 years. In 2001 she became a full time novelist. Moyes' novel Foreign Fruit won the Romantic Novelists' Association (RNA) Romantic Novel of the Year in 2004.She is married to journalist Charles Arthur and has three children."
7, Orphan Train, Christina Baker Kline, https://www.goodreads.com/author/show/157146.Christina_Baker_Kline, https://images.gr-assets.com/authors/1585081025p5/157146.jpg," Cambridge, The United Kingdom", http://christinabakerkline.com/," A #1 New York Times bestselling author of eight novels, including The Exiles, Orphan Train, and A Piece of the World, Christina Baker Kline is published in 40 countries. Her novels have received the New England Prize for Fiction, the Maine Literary Award, and a Barnes & Noble Discover Award, among other prizes, and have been chosen by hundreds of communities, universities and schools as “One Book, One Read” selections. Her essays, articles, and reviews have appeared in publications such as the New York Times and the NYT Book Review, the Boston Globe, the San Francisco Chronicle, LitHub, Psychology Today, Poets & Writers, and Salon. Born in England and raised in the American South and Maine, Kline is a graduate of Yale (B.A.), Cambridge (M.A"
8, The Goldfinch, Donna Tartt, https://www.goodreads.com/author/show/8719.Donna_Tartt, https://s.gr-assets.com/assets/nophoto/user/u_200x266-e183445fd1a1b5cc7075bb1cf7043306.png," Greenwood, Mississippi, The United States",," Donna Tartt is an American writer who received critical acclaim for her first two novels, The Secret History and The Little Friend, which have been translated into thirty languages. Tartt was the 2003 winner of the WH Smith Literary Award for The Little Friend. Her novel The Goldfinch won the Pulitzer Prize in 2014. The daughter of Don and Taylor Tartt, she was born in Greenwood, Mississippi but raised 32 miles away in Grenada, Mississippi. At age five, she wrote her first poem, and she first saw publication in a Mississippi literary review at age 13.Enrolling in the University of Mississippi in 1981, she pledged to the sorority Kappa Kappa Gamma. Her writing caught the attention of Willie Morris while she was a freshman. Following a recomm"
9, Big Little Lies, Liane Moriarty, https://www.goodreads.com/author/show/322069.Liane_Moriarty, https://images.gr-assets.com/authors/1459827224p5/322069.jpg," Sydney, Australia", http://www.lianemoriarty.com," Liane Moriarty is the author of the #1 New York Times bestsellers Big Little Lies, The Husband’s Secret, and Truly Madly Guilty, the New York Times bestsellers Apples Never Fall, Nine Perfect Strangers, What Alice Forgot, and The Last Anniversary, The Hypnotist’s Love Story, and Three Wishes. She lives in Sydney, Australia, with her husband and two children."
10, The Invention of Wings, Sue Monk Kidd, https://www.goodreads.com/author/show/4711.Sue_Monk_Kidd, https://images.gr-assets.com/authors/1574862600p5/4711.jpg," Sylvester, Georgia, The United States", http://www.suemonkkidd.com/," SUE MONK KIDD was raised in the small town of Sylvester, Georgia. She graduated from Texas Christian University in 1970 and later took creative writing courses at Emory University, as well as studying at Sewanee, Bread Loaf, and other writers’ conferences. In her forties, Kidd turned her attention to writing fiction, winning the South Carolina Fellowship in Literature and the 1996 Poets & Writers Exchange Program in Fiction.When her first novel, The Secret Life of Bees, was published by Viking in 2002, it became a genuine literary phenomenon, spending more than 2½ years on the New York Times bestseller list. It has been translated into 36 languages and sold more than 6 million copies in the U.S. and 8 million copies worldwide. Bees was name"
11, Sarah's Key, Tatiana de Rosnay, https://www.goodreads.com/author/show/305400.Tatiana_de_Rosnay, https://images.gr-assets.com/authors/1527229809p5/305400.jpg," Neuilly sur Seine, France", http://www.tatianaderosnay.com/," New book !""The Rain Watcher""Saint Martins Press USAOctober 2018""Sentinelle de la Pluie""Editions Héloise d'Ormessonand in Norway, Holland, Sweden and Germany. Follow me on Twitter at http://twitter.com/tatianaderosnayInstagramhttps://www.instagram.com/tatianadero...My website :http://www.tatianaderosnay.com/Facebook page :http://www.facebook.com/tatianaderosnay TATIANA DE ROSNAY was born in the suburbs of Paris and is of English, French and Russian descent. She is the author of 8 French novels. Tatiana de Rosnay is married and has two children. She lives in Paris with her family. She is the author of several novels, Sarah's Key, A Secret Kept (Boomerang) and The House I Loved (Rose) The Other Story (A L'Encre Russe) and ""Manderley Forever', "
12, The Husband's Secret, Liane Moriarty, https://www.goodreads.com/author/show/322069.Liane_Moriarty, https://images.gr-assets.com/authors/1459827224p5/322069.jpg," Sydney, Australia", http://www.lianemoriarty.com," Liane Moriarty is the author of the #1 New York Times bestsellers Big Little Lies, The Husband’s Secret, and Truly Madly Guilty, the New York Times bestsellers Apples Never Fall, Nine Perfect Strangers, What Alice Forgot, and The Last Anniversary, The Hypnotist’s Love Story, and Three Wishes. She lives in Sydney, Australia, with her husband and two children."
13, Gray Mountain, John Grisham, https://www.goodreads.com/author/show/721.John_Grisham, https://images.gr-assets.com/authors/1650547491p5/721.jpg," Jonesboro, Arkansas, The United States", http://www.jgrisham.com/," John Grisham is the author of forty-seven consecutive #1 bestsellers, which have been translated into nearly fifty languages. His recent books include The Judge's List, Sooley, and his third Jake Brigance novel, A Time for Mercy, which is being developed by HBO as a limited series. Grisham is a two-time winner of the Harper Lee Prize for Legal Fiction and was honored with the Library of Congress Creative Achievement Award for Fiction. When he's not writing, Grisham serves on the board of directors of the Innocence Project and of Centurion Ministries, two national organizations dedicated to exonerating those who have been wrongfully convicted. Much of his fiction explores deep-seated problems in our criminal justice system. John lives on a f"
14, Memory Man (Amos Decker #1), David Baldacci, https://www.goodreads.com/author/show/9291.David_Baldacci, https://images.gr-assets.com/authors/1622821181p5/9291.jpg," Richmond, Virginia, The United States", http://davidbaldacci.com/," David Baldacci has been writing since childhood, when his mother gave him a lined notebook in which to write down his stories. (Much later, when David thanked her for being the spark that ignited his writing career, she revealed that she’d given him the notebook to keep him quiet, ""because every mom needs a break now and then.”) David published his first novel, Absolute Power, in 1996, the feature film adaptation followed, with Clint Eastwood as its director and star. In total, David has published 46 novels for adults, all have been national and international bestsellers, and several have been adapted for film and television. His books are published in over 45 languages and in more than 80 countries, with 150 million copies sold worldwide. "
15, Sycamore Row (Jake Brigance #2), John Grisham, https://www.goodreads.com/author/show/721.John_Grisham, https://images.gr-assets.com/authors/1650547491p5/721.jpg," Jonesboro, Arkansas, The United States", http://www.jgrisham.com/," John Grisham is the author of forty-seven consecutive #1 bestsellers, which have been translated into nearly fifty languages. His recent books include The Judge's List, Sooley, and his third Jake Brigance novel, A Time for Mercy, which is being developed by HBO as a limited series. Grisham is a two-time winner of the Harper Lee Prize for Legal Fiction and was honored with the Library of Congress Creative Achievement Award for Fiction. When he's not writing, Grisham serves on the board of directors of the Innocence Project and of Centurion Ministries, two national organizations dedicated to exonerating those who have been wrongfully convicted. Much of his fiction explores deep-seated problems in our criminal justice system. John lives on a f"
16, The Escape (John Puller #3), David Baldacci, https://www.goodreads.com/author/show/9291.David_Baldacci, https://images.gr-assets.com/authors/1622821181p5/9291.jpg," Richmond, Virginia, The United States", http://davidbaldacci.com/," David Baldacci has been writing since childhood, when his mother gave him a lined notebook in which to write down his stories. (Much later, when David thanked her for being the spark that ignited his writing career, she revealed that she’d given him the notebook to keep him quiet, ""because every mom needs a break now and then.”) David published his first novel, Absolute Power, in 1996, the feature film adaptation followed, with Clint Eastwood as its director and star. In total, David has published 46 novels for adults, all have been national and international bestsellers, and several have been adapted for film and television. His books are published in over 45 languages and in more than 80 countries, with 150 million copies sold worldwide. "
17, The Rosie Effect (Don Tillman #2), Graeme Simsion, https://www.goodreads.com/author/show/1895943.Graeme_Simsion, https://images.gr-assets.com/authors/1613778776p5/1895943.jpg," Auckland, New Zealand", http://www.graemesimsion.com," Graeme Simsion is a former IT consultant and the author of two nonfiction books on database design who decided, at the age of fifty, to turn his hand to fiction. His first novel, The Rosie Project, was published in 2013 and translation rights have been sold in forty languages. Movie rights have been optioned to Sony Pictures. The sequels, The Rosie Effect, and The Rosie Result, were also bestsellers, with total sales of the series in excess of five million. Graeme's third novel was The Best of Adam Sharp, a story of a love affair re-kindled - and its consequences. Movie rights have been optioned by Vocab Films / New Sparta Films with Toni Collette attached to direct.Creative Differences was originally created as an 'Audible Original' audiob"
18, Leaving Time, Jodi Picoult, https://www.goodreads.com/author/show/7128.Jodi_Picoult, https://images.gr-assets.com/authors/1657141143p5/7128.jpg," Nesconset, Long Island, New York,, The United States", http://www.jodipicoult.com/," Jodi Picoult is the #1 New York Times bestselling author of twenty-eight novels, including Wish You Were Here, Small Great Things, Leaving Time, and My Sister’s Keeper, and, with daughter Samantha van Leer, two young adult novels, Between the Lines and Off the Page. Picoult lives in New Hampshire.MAD HONEY, her new novel co-authored with Jennifer Finney Boylan, is available in hardcover, ebook, and audio on October 4, 2022.Website: http://www.jodipicoult.com/Facebook: https://www.facebook.com/jodipicoult Twitter: https://twitter.com/jodipicoult"
19, Be Careful What You Wish For (The Clifton Chronicles #4), Jeffrey Archer, https://www.goodreads.com/author/show/4820.Jeffrey_Archer, https://images.gr-assets.com/authors/1208462800p5/4820.jpg," London, England, The United Kingdom", http://www.jeffreyarcher.co.uk/," Jeffrey Howard Archer, Baron Archer of Weston-super-Mare (born 15 April 1940) is an English author and former politician.He was a Member of Parliament and deputy chairman of the Conservative Party, and became a life peer in 1992. His political career, having suffered several controversies, ended after a conviction for perverting the course of justice and his subsequent imprisonment. He is married to Mary Archer, a scientist specialising in solar power. Outside politics, he is a novelist, playwright and short story writer.Wikipedia linkhttp://us.macmillan.com/author/jeffre..."
20, A Spool of Blue Thread, Anne Tyler, https://www.goodreads.com/author/show/457.Anne_Tyler, https://images.gr-assets.com/authors/1529285150p5/457.jpg," Minneapolis, Minnesota, The United States", https://www.facebook.com/AnneTylerAuthor," Anne Tyler was born in Minneapolis, Minnesota, in 1941 and grew up in Raleigh, North Carolina. She graduated at nineteen from Duke University and went on to do graduate work in Russian studies at Columbia University. She has published 20 novels, her debut novel being If Morning Ever Comes in (1964). Her eleventh novel, Breathing Lessons, was awarded the Pulitzer Prize in 1988. She is a member of the American Academy of Arts and Letters."
21, What Alice Forgot, Liane Moriarty, https://www.goodreads.com/author/show/322069.Liane_Moriarty, https://images.gr-assets.com/authors/1459827224p5/322069.jpg," Sydney, Australia", http://www.lianemoriarty.com," Liane Moriarty is the author of the #1 New York Times bestsellers Big Little Lies, The Husband’s Secret, and Truly Madly Guilty, the New York Times bestsellers Apples Never Fall, Nine Perfect Strangers, What Alice Forgot, and The Last Anniversary, The Hypnotist’s Love Story, and Three Wishes. She lives in Sydney, Australia, with her husband and two children."
22, Before I Go, Colleen Oakley, https://www.goodreads.com/author/show/3126893.Colleen_Oakley, https://images.gr-assets.com/authors/1396903027p5/3126893.jpg, , http://www.colleenoakley.com," Colleen Oakley is the USA Today bestselling author of The Invisible Husband of Frick Island, You Were There Too and other unconventional love stories. Her books have been named best books by People Magazine, Us Weekly, Library Journal, and Real Simple, and long-listed for the Pat Conroy Southern Book Prize. Her fifth novel THE MOSTLY TRUE STORY OF TANNER & LOUISE will be published by Berkley/Penguin in March 2023."
23, As Chimney Sweepers Come to Dust (Flavia de Luce #7), Alan Bradley, https://www.goodreads.com/author/show/1074866.Alan_Bradley, https://images.gr-assets.com/authors/1256021843p5/1074866.jpg," Toronto, Canada", http://www.alanbradleyauthor.com," Librarian Note: There is more than one author in the Goodreads database with this name. With an education in electronic engineering, Alan worked at numerous radio and television stations in Ontario, and at Ryerson Polytechnical Institute (now Ryerson University) in Toronto, before becoming Director of Television Engineering in the media centre at the University of Saskatchewan in Saskatoon, where he remained for 25 years before taking early retirement to write in 1994.He became the first President of the Saskatoon Writers, and a founding member of the Saskatchewan Writers Guild. His children's stories were published in The Canadian Children's Annual, and his short story, Meet Miss Mullen, was the first recipient of the Saskatchewan Writers "
24, Revival, Stephen King, https://www.goodreads.com/author/show/3389.Stephen_King, https://images.gr-assets.com/authors/1362814142p5/3389.jpg," Portland, Maine, The United States", http://www.stephenking.com," Stephen Edwin King was born the second son of Donald and Nellie Ruth Pillsbury King. After his father left them when Stephen was two, he and his older brother, David, were raised by his mother. Parts of his childhood were spent in Fort Wayne, Indiana, where his father's family was at the time, and in Stratford, Connecticut. When Stephen was eleven, his mother brought her children back to Durham, Maine, for good. Her parents, Guy and Nellie Pillsbury, had become incapacitated with old age, and Ruth King was persuaded by her sisters to take over the physical care of them. Other family members provided a small house in Durham and financial support. After Stephen's grandparents passed away, Mrs. King found work in the kitchens of Pineland, a ne"
25, Edge of Eternity (The Century Trilogy #3), Ken Follett, https://www.goodreads.com/author/show/3447.Ken_Follett, https://images.gr-assets.com/authors/1604049089p5/3447.jpg," Cardiff, The United Kingdom", http://www.ken-follett.com/," Ken Follett is one of the world’s most successful authors. Over 170 million copies of the 36 books he has written have been sold in over 80 countries and in 33 languages.Born on June 5th, 1949 in Cardiff, Wales, the son of a tax inspector, Ken was educated at state schools and went on to graduate from University College, London, with an Honours degree in Philosophy – later to be made a Fellow of the College in 1995.He started his career as a reporter, first with his hometown newspaper the South Wales Echo and then with the London Evening News. Subsequently, he worked for a small London publishing house, Everest Books, eventually becoming Deputy Managing Director.Ken’s first major success came with the publication of Eye of the Needle in 197"
26, The Selection (The Selection #1), Kiera Cass, https://www.goodreads.com/author/show/2987125.Kiera_Cass, https://images.gr-assets.com/authors/1318605410p5/2987125.jpg, The United States, http://www.kieracass.com/," 100 Things I Love:Being married. Cake. The smell of Autumn. Motherhood. Books. Elephants. Back rubs. On demand movies. Actually going out to movies. Faith. Cinnamon rolls. My family. Butterflies. When my kitchen is clean. Crayons. Pink. Tote bags. Dancing. Organizing via color coordination. That my wedding dress was tea length, not floor. Baking. My house. Writing utensils. Paper. India. The sound of water. Making videos. Buttons. The word Episcopalian. Making people laugh. Layering clothes. British accents. Pinterest. Animation. Fireworks. The smell of the Ocean. My wedding rings. Aprons. Reasons to get dressed up. Sex. Pop music. Stars. Taking walks. Daydreaming. Stickers. School Spirit. My friends. Living in a small town. Japan. Singing."
27, Station Eleven, Emily St. John Mandel, https://www.goodreads.com/author/show/2786093.Emily_St_John_Mandel, https://images.gr-assets.com/authors/1576606299p5/2786093.jpg," Comox, British Columbia, Canada", http://www.emilymandel.com," Emily St. John Mandel was born and raised on the west coast of British Columbia, Canada. She studied contemporary dance at the School of Toronto Dance Theatre and lived briefly in Montreal before relocating to New York. She is the author of five novels, including The Glass Hotel (spring 2020) and Station Eleven (2014.) Station Eleven was a finalist for a National Book Award and the PEN/Faulkner Award, won the Morning News Tournament of Books, and has been translated into 34 languages. She lives in NYC with her husband and daughter. "
28, Paper Towns, John Green, https://www.goodreads.com/author/show/1406384.John_Green, https://images.gr-assets.com/authors/1353452301p5/1406384.jpg," Indianapolis, The United States", http://www.johngreenbooks.com/," Librarian Note: There is more than one author in the Goodreads database with this name.John Green's first novel, Looking for Alaska, won the 2006 Michael L. Printz Award presented by the American Library Association. His second novel, An Abundance of Katherines, was a 2007 Michael L. Printz Award Honor Book and a finalist for the Los Angeles Times Book Prize. His next novel, Paper Towns, is a New York Times bestseller and won the Edgar Allen Poe Award for Best YA Mystery. In January 2012, his most recent novel, The Fault in Our Stars, was met with wide critical acclaim, unprecedented in Green's career. The praise included rave reviews in Time Magazine and The New York Times, on NPR, and from award-winning author Markus Zusak. The book also "
29, The Perks of Being a Wallflower, Stephen Chbosky, https://www.goodreads.com/author/show/12898.Stephen_Chbosky, https://images.gr-assets.com/authors/1599132962p5/12898.jpg," Pittsburgh, The United States",," Stephen Chbosky grew up in Pittsburgh, Pennsylvania, and graduated from the University of Southern California's Filmic Writing Program. His first film, The Four Corners of Nowhere, premiered at the 1995 Sundance Film Festival and went on to win Best Narrative Feature honors at the Chicago Underground Film Festival. He is the recipient of the Abraham Polonsky Screenwriting Award for his screenplay Everything Divided as well as a participant in the Sundance Institute's filmmakers' lab for his current project, Fingernails and Smooth Skin. Chbosky lives in New York. For more information, please see http://en.wikipedia.org/wiki/Stephen_..."
30, The Rosie Project (Don Tillman #1), Graeme Simsion, https://www.goodreads.com/author/show/1895943.Graeme_Simsion, https://images.gr-assets.com/authors/1613778776p5/1895943.jpg," Auckland, New Zealand", http://www.graemesimsion.com," Graeme Simsion is a former IT consultant and the author of two nonfiction books on database design who decided, at the age of fifty, to turn his hand to fiction. His first novel, The Rosie Project, was published in 2013 and translation rights have been sold in forty languages. Movie rights have been optioned to Sony Pictures. The sequels, The Rosie Effect, and The Rosie Result, were also bestsellers, with total sales of the series in excess of five million. Graeme's third novel was The Best of Adam Sharp, a story of a love affair re-kindled - and its consequences. Movie rights have been optioned by Vocab Films / New Sparta Films with Toni Collette attached to direct.Creative Differences was originally created as an 'Audible Original' audiob"
31, Carry On (Simon Snow #1), Rainbow Rowell, https://www.goodreads.com/author/show/4208569.Rainbow_Rowell, https://images.gr-assets.com/authors/1652825664p5/4208569.jpg," Omaha, Nebraska, The United States", http://www.rainbowrowell.com," Rainbow Rowell writes all kinds of stuff. Sometimes she writes about adults (ATTACHMENTS, LANDLINE). Sometimes she writes about teenagers (ELEANOR & PARK, FANGIRL) . Sometimes — actually, a lot of the time — she writes about lovesick vampires and guys with dragon wings. (THE SIMON SNOW TRILOGY). Recently, she’s been writing comics, including her first graphic novel, PUMPKINHEADS, and the monthly SHE-HULK comic for Marvel.She lives in Omaha, Nebraska. More at rainbowrowell.com."
32, The Boston Girl, Anita Diamant, https://www.goodreads.com/author/show/626222.Anita_Diamant, https://images.gr-assets.com/authors/1540697897p5/626222.jpg," New York City, The United States", http://www.anitadiamant.com," Anita Diamant is the author of thirteen books -- including THE RED TENT. Based on the biblical story of Dinah, THE RED TENT became a word-of-mouth bestseller in the US and around the world, where it has been published in more than 25 countries. Her new book, a work of nonfiction. PERIOD. END OF SENTENCE. A NEW CHAPTER IN THE FIGHT FOR MENSTRUAL JUSTICE will be published in May 2021., As different as they are, this book returns to some of the themes of THE RED TENT -- including the meaning and experience of menstruation.Anita has written four other novels: GOOD HARBOR, THE LAST DAYS OF DOGTOWN, DAY AFTER NIGHT, and THE BOSTON GIRL. She is also the author of six non-fiction guides to contemporary Jewish life, which have become classic referen"
33, Golden Son (Red Rising Saga #2), Pierce Brown, https://www.goodreads.com/author/show/6474348.Pierce_Brown, https://images.gr-assets.com/authors/1417558860p5/6474348.jpg, , https://www.piercebrown.com/," Hello. I'm Pierce Brown, the author of the Red Rising Saga, a NYT #1 bestseller. I figured I'd write you myself than have corporate copy pasted below my totally natural author photo. In my books you'll find stories of men and women finding their inner strength when all seems lost. You'll also find me exploring themes of love, violence, hope, and power--what it means, why people seek it, and how they hold onto it.IG @piercebrownofficial Twitter @pierce_brown "
34, The Burning Room (Harry Bosch #17 -  Harry Bosch Universe #26), Michael Connelly, https://www.goodreads.com/author/show/12470.Michael_Connelly, https://images.gr-assets.com/authors/1539114448p5/12470.jpg," Philadelphia, Pennsylvania, The United States", http://www.michaelconnelly.com/," Librarian Note: There is more than one author in the Goodreads' database with this name. See this thread for more information. Michael Connelly decided to become a writer after discovering the books of Raymond Chandler while attending the University of Florida. Once he decided on this direction he chose a major in journalism and a minor in creative writing — a curriculum in which one of his teachers was novelist Harry Crews. After graduating in 1980, Connelly worked at newspapers in Daytona Beach and Fort Lauderdale, Florida, primarily specializing in the crime beat. In Fort Lauderdale he wrote about police and crime during the height of the murder and violence wave that rolled over South Florida during the so-called cocaine wars. In 1986, "
35, Finders Keepers (Bill Hodges Trilogy #2), Stephen King, https://www.goodreads.com/author/show/3389.Stephen_King, https://images.gr-assets.com/authors/1362814142p5/3389.jpg," Portland, Maine, The United States", http://www.stephenking.com," Stephen Edwin King was born the second son of Donald and Nellie Ruth Pillsbury King. After his father left them when Stephen was two, he and his older brother, David, were raised by his mother. Parts of his childhood were spent in Fort Wayne, Indiana, where his father's family was at the time, and in Stratford, Connecticut. When Stephen was eleven, his mother brought her children back to Durham, Maine, for good. Her parents, Guy and Nellie Pillsbury, had become incapacitated with old age, and Ruth King was persuaded by her sisters to take over the physical care of them. Other family members provided a small house in Durham and financial support. After Stephen's grandparents passed away, Mrs. King found work in the kitchens of Pineland, a ne"
36, Fangirl, Rainbow Rowell, https://www.goodreads.com/author/show/4208569.Rainbow_Rowell, https://images.gr-assets.com/authors/1652825664p5/4208569.jpg," Omaha, Nebraska, The United States", http://www.rainbowrowell.com," Rainbow Rowell writes all kinds of stuff. Sometimes she writes about adults (ATTACHMENTS, LANDLINE). Sometimes she writes about teenagers (ELEANOR & PARK, FANGIRL) . Sometimes — actually, a lot of the time — she writes about lovesick vampires and guys with dragon wings. (THE SIMON SNOW TRILOGY). Recently, she’s been writing comics, including her first graphic novel, PUMPKINHEADS, and the monthly SHE-HULK comic for Marvel.She lives in Omaha, Nebraska. More at rainbowrowell.com."
37, First Frost (Waverley Family #2), Sarah Addison Allen, https://www.goodreads.com/author/show/566874.Sarah_Addison_Allen, https://images.gr-assets.com/authors/1646846141p5/566874.jpg," North Carolina, The United States", http://www.sarahaddisonallen.com/," New York Times Bestselling novelist Sarah Addison Allen brings the full flavor of her southern upbringing to bear on her fiction -- a captivating blend of magical realism, heartwarming romance, and small-town sensibility.Born and raised in Asheville, North Carolina, in the heart of the Blue Ridge Mountains, Allen grew up with a love of books and an appreciation of good food (she credits her journalist father for the former and her mother, a fabulous cook, for the latter). In college, she majored in literature -- because, as she puts it, ""I thought it was amazing that I could get a diploma just for reading fiction. It was like being able to major in eating chocolate."" After graduation, Allen began writing seriously. Her big break occurred in"
38, World After (Penryn & the End of Days #2), Susan Ee, https://www.goodreads.com/author/show/4890182.Susan_Ee, https://images.gr-assets.com/authors/1370738953p5/4890182.jpg, , http://www.susanee.com," Susan Ee is a USA Today bestselling author of the Penryn & the End of Days trilogy, ANGELFALL, WORLD AFTER, and END OF DAYS. Her books have been translated into over twenty languages, and her short films have played at major festivals. She used to be a lawyer but loves being a writer because it allows her imagination to bust out and go feral.Sign up to hear about her next book at www.susanee.com or follow her on Twitter @Susan_Ee."
39, Hush Hush (Hush Hush #1), Becca Fitzpatrick, https://www.goodreads.com/author/show/2876763.Becca_Fitzpatrick, https://images.gr-assets.com/authors/1390505291p5/2876763.jpg, , http://www.beccafitzpatrick.com," Becca Fitzpatrick grew up reading Nancy Drew and Trixie Belden with a flashlight under the covers. She graduated college with a degree in health, which she promptly abandoned for storytelling. When not writing, she's most likely prowling sale racks for reject shoes, running, or watching crime dramas on TV. She is the author of the bestselling HUSH, HUSH Saga. Her new book BLACK ICE arrives in bookstores everywhere October 7, 2014."
40, The Bone Clocks, David Mitchell, https://www.goodreads.com/author/show/6538289.David_Mitchell, https://images.gr-assets.com/authors/1409248688p5/6538289.jpg," Southport, The United Kingdom", http://www.davidmitchellbooks.com/," David Mitchell was born in Southport, Merseyside, in England, raised in Malvern, Worcestershire, and educated at the University of Kent, studying for a degree in English and American Literature followed by an M.A. in Comparative Literature. He lived for a year in Sicily, then moved to Hiroshima, Japan, where he taught English to technical students for eight years, before returning to England. After another stint in Japan, he currently lives in Ireland with his wife Keiko and their two children. In an essay for Random House, Mitchell wrote: ""I knew I wanted to be a writer since I was a kid, but until I came to Japan to live in 1994 I was too easily distracted to do much about it. I would probably have become a writer wherever I lived, but wo"
41, Dead Heat (Alpha & Omega #4), Patricia Briggs, https://www.goodreads.com/author/show/40563.Patricia_Briggs, https://images.gr-assets.com/authors/1464488194p5/40563.jpg," Butte, Montana, The United States", https://www.patriciabriggs.com," Librarian Note: There is more than one author in the Goodreads database with this name.Patricia Briggs was born in Butte, Montana, to a children’s librarian who passed on to her kids a love of reading and books. Patricia grew up reading fairy tales and books about horses, and later developed an interest in folklore and history. When she decided to write a book of her own, a fantasy book seemed a natural choice. Patricia graduated from Montana State University with degrees in history and German and she worked for a while as a substitute teacher. Currently, she lives in Montana with her husband, children, and six horses and writes full time, much to the delight of her fans."
42, All the Single Ladies (Lowcountry Tales #10), Dorothea Benton Frank, https://www.goodreads.com/author/show/36935.Dorothea_Benton_Frank, https://images.gr-assets.com/authors/1369417602p5/36935.jpg," Sullivan's Island, South Carolina", http://www.dotfrank.com," Dorothea Benton Frank was a New York Times best-selling American novelist of Southern fiction. She worked in the apparel industry from 1972 until 1985 and then organized fundraisers as a volunteer, before becoming a novelist.She is best known as the author of twenty novels placed in and around the Lowcountry of South Carolina. "
43, Red Queen (Red Queen #1), Victoria Aveyard, https://www.goodreads.com/author/show/7074943.Victoria_Aveyard, https://images.gr-assets.com/authors/1395682478p5/7074943.jpg, The United States, http://www.victoriaaveyard.com," I'm an author/screenwriter who likes books and lists. This site is the nexus of my universe.I wrote the #1 NYT bestselling series RED QUEEN and my next series, REALM BREAKER, will be out in May 2021.The genres I'm into include YA, Fantasy, Historical, Adventure, Apocalyptic - if people are dying, I'm buying."
44, Fallen (Fallen #1), Lauren Kate, https://www.goodreads.com/author/show/2905297.Lauren_Kate, https://images.gr-assets.com/authors/1641507837p5/2905297.jpg, The United States, http://laurenkatebooks.net/," Lauren Kate is the author of novels for adults, teens, and children, including the rom-com BY ANY OTHER NAME and the young adult series, FALLEN. She lives in Laurel Canyon with her family. "
45, Defending Jacob, William Landay, https://www.goodreads.com/author/show/218843.William_Landay, https://images.gr-assets.com/authors/1263404060p5/218843.jpg," Boston, The United States", http://www.williamlanday.com," William Landay is the author of All That Is Mine I Carry With Me and three previous novels: Defending Jacob, which won the Strand Critics Award for best mystery novel, The Strangler, listed as a best crime novel of the year by the L.A. Times, Daily Telegraph and others, and Mission Flats, winner of the Dagger Award for best first crime novel. A former assistant district attorney, he lives in Boston."
46, In the Unlikely Event, Judy Blume, https://www.goodreads.com/author/show/12942.Judy_Blume, https://images.gr-assets.com/authors/1430843076p5/12942.jpg," Elizabeth, New Jersey, The United States", http://www.judyblume.com," Judy Blume spent her childhood in Elizabeth, New Jersey, making up stories inside her head. She has spent her adult years in many places doing the same thing, only now she writes her stories down on paper. Adults as well as children will recognize such Blume titles as: Are You There God? It's Me, Margaret, Blubber, Just as Long as We're Together, and the five book series about the irrepressible Fudge. She has also written three novels for adults, Summer Sisters, Smart Women, and Wifey, all of them New York Times bestsellers. More than 80 million copies of her books have been sold, and her work has been translated into thirty-one languages. She receives thousands of letters a year from readers of all ages who share their feelings and concern"
47, Obsession in Death (In Death #40), J.D. Robb, https://www.goodreads.com/author/show/17065.J_D_Robb, https://images.gr-assets.com/authors/1481138127p5/17065.jpg," Silver Spring, Maryland, The United States", http://www.jdrobb.com/," J.D. Robb is the author of the #1 New York Times bestselling In Death series and the pseudonym for #1 New York Times bestselling author Nora Roberts. The futuristic suspense series stars Eve Dallas, a New York City police lieutenant with a dark past. Initially conceived as a trilogy, readers clamored for more of Eve and the mysterious Roarke. Forgotten in Death (St. Martin's Press, September 2021) is the 53rd entry in the series. "
48, Saint Odd (Odd Thomas #7), Dean Koontz, https://www.goodreads.com/author/show/9355.Dean_Koontz, https://images.gr-assets.com/authors/1581963714p5/9355.jpg," Everett, Pennsylvania, The United States", http://www.deankoontz.com," Acknowledged as ""America's most popular suspense novelist"" (Rolling Stone) and as one of today's most celebrated and successful writers, Dean Ray Koontz has earned the devotion of millions of readers around the world and the praise of critics everywhere for tales of character, mystery, and adventure that strike to the core of what it means to be human.Dean, the author of many #1 New York Times bestsellers, lives in Southern California with his wife, Gerda, their golden retriever, Elsa, and the enduring spirit of their goldens, Trixie and Anna. Facebook: Facebook.com/DeanKoontzOfficialTwitter: @DeanKoontzWebsite: DeanKoontz.com "
49, Torment (Fallen #2), Lauren Kate, https://www.goodreads.com/author/show/2905297.Lauren_Kate, https://images.gr-assets.com/authors/1641507837p5/2905297.jpg, The United States, http://laurenkatebooks.net/," Lauren Kate is the author of novels for adults, teens, and children, including the rom-com BY ANY OTHER NAME and the young adult series, FALLEN. She lives in Laurel Canyon with her family. "
50, Our Souls at Night, Kent Haruf, https://www.goodreads.com/author/show/16266.Kent_Haruf, https://images.gr-assets.com/authors/1594045311p5/16266.jpg," Pueblo, Colorado, The United States",," Kent Haruf was born in eastern Colorado. He received his Bachelors of Arts in literature from Nebraska Wesleyan University in 1965 and his Masters of Fine Arts from the Iowa Writers' Workshop at the University of Iowa in 1973. For two years, he taught English in Turkey with the Peace Corps and his other jobs have included a chicken farm in Colorado, a construction site in Wyoming, a rehabilitation hospital in Colorado, a hospital in Arizona, a library in Iowa, an alternative high school in Wisconsin, and universities in Nebraska and Illinois.Haruf is the author of Plainsong, which received the Mountains and Plains Booksellers Award, the Los Angeles Times Book Prize, the Maria Thomas Award in Fiction, and The New Yorker Book Award. Plainsong"
51, Rain on the Dead (Sean Dillon #21), Jack Higgins, https://www.goodreads.com/author/show/19706.Jack_Higgins, https://images.gr-assets.com/authors/1337532450p5/19706.jpg," Newcastle upon Tyne, England, The United Kingdom", http://jackhiggins.co.za/," There is more than one author in the Goodreads database with this name.Jack Higgins is the best known of the many pseudonyms of Henry Patterson. (See also Martin Fallon, Harry Patterson, Hugh Marlowe and James Graham.)He is the New York Times bestselling author of more than seventy thrillers, including The Eagle Has Landed and The Wolf at the Door. His books have sold more than 250 million copies worldwide.Born in Newcastle upon Tyne, England, Patterson grew up in Belfast, Northern Ireland. As a child, Patterson was a voracious reader and later credited his passion for reading with fueling his creative drive to be an author. His upbringing in Belfast also exposed him to the political and religious violence that characterized the city at the"
52, Full Force and Effect (Jack Ryan #10), Mark Greaney, https://www.goodreads.com/author/show/2961590.Mark_Greaney, https://images.gr-assets.com/authors/1446347246p5/2961590.jpg," Memphis, TN , The United States", http://www.markgreaneybooks.com/," Mark Greaney has a degree in International Relations and Political Science. In researching The Gray Man series he traveled to ten countries and trained extensively in the use of firearms, battlefield medicine, and close range combative tactics.Learn more at MARKGREANEYBOOKS.COMEmail Mark at MarkGreaneyBooks@gmail.com"
53, Burned (Fever #7), Karen Marie Moning, https://www.goodreads.com/author/show/48206.Karen_Marie_Moning, https://images.gr-assets.com/authors/1497612477p5/48206.jpg," Cincinnati, Ohio, The United States", http://www.karenmoning.com," “The only other calling I ever felt was an irrepressible desire to be Captain of my own Starship. I was born in the wrong century and it wasn’t possible, so I chose to explore the universe by writing fiction instead. Books are doors to endless adventure.” -KMMKaren Marie Moning is the #1 NYT bestselling author of the Fever Series and Highlander novels.An alum of the Immaculate Conception Academy, at seventeen she attended Purdue University where she completed a BA in Society & Law, with minors in Philosophy, Creative Writing and Theatre, while working full time as a bartender and computer consultant. She intended to go to law school but after an internship with a firm of Criminal Attorneys, decided against it. For the next decade, she worke"
54, Hope to Die (Alex Cross #22), James Patterson, https://www.goodreads.com/author/show/3780.James_Patterson, https://images.gr-assets.com/authors/1468347205p5/3780.jpg," Newburgh, New York, The United States", http://www.jamespatterson.com/," Official US SiteOfficial UK SiteJIMMY Patterson BooksReadKiddoReadJames Patterson is the world’s bestselling author. Among his creations are Alex Cross, the Women’s Murder Club, Michael Bennett, and Maximum Ride. His #1 bestselling nonfiction includes Walk in My Combat Boots, Filthy Rich, and his autobiography, James Patterson by James Patterson. He has collaborated on novels with Bill Clinton and Dolly Parton and has won an Edgar Award, nine Emmy Awards, and the National Humanities Medal. "
55, Mightier Than the Sword (The Clifton Chronicles #5), Jeffrey Archer, https://www.goodreads.com/author/show/4820.Jeffrey_Archer, https://images.gr-assets.com/authors/1208462800p5/4820.jpg," London, England, The United Kingdom", http://www.jeffreyarcher.co.uk/," Jeffrey Howard Archer, Baron Archer of Weston-super-Mare (born 15 April 1940) is an English author and former politician.He was a Member of Parliament and deputy chairman of the Conservative Party, and became a life peer in 1992. His political career, having suffered several controversies, ended after a conviction for perverting the course of justice and his subsequent imprisonment. He is married to Mary Archer, a scientist specialising in solar power. Outside politics, he is a novelist, playwright and short story writer.Wikipedia linkhttp://us.macmillan.com/author/jeffre..."
56, Dreaming Spies (Mary Russell and Sherlock Holmes #13), Laurie R. King, https://www.goodreads.com/author/show/6760.Laurie_R_King, https://images.gr-assets.com/authors/1391224846p5/6760.jpg," Oakland, California, The United States", http://laurierking.com/," Edgar-winning mystery writer Laurie R. King writes series and standalone novels. Her official forum is  THE LRK VIRTUAL BOOK CLUB here on Goodreads--please join us for book-discussing fun. King's 2018 novel, Island of the Mad, sees Mary Russell and Sherlock Holmes travel from London's Bedlam to the glitter of Venice's Lido,where Young Things and the friends of Cole Porter pass Mussolini's Blackshirts in the streets. The Mary Russell/Sherlock Holmes series follows a brilliant young woman who becomes the student, then partner, of the great detective. [click here for an excerpt of the first in the series, The Beekeeper's Apprentice] The Stuyvesant and Grey series (Touchstone, The Bones of Paris) takes place in Europe between the Wars. The Kate"
57, Pope Joan, Donna Woolfolk Cross, https://www.goodreads.com/author/show/44605.Donna_Woolfolk_Cross, https://images.gr-assets.com/authors/1322494590p5/44605.jpg," New York, The United States", http://www.popejoan.com," Donna Woolfolk Cross graduated cum laude, Phi Beta Kappa, from the University of Pennsylvania in 1969 with a B.A. in English. She moved to London, England, after graduation, and worked as an editorial assistant for a small publishing house on Fleet Street, W.H. Allen and Company. Upon her return to the United States, Cross worked at Young and Rubicam, a Madison Avenue advertising firm, before going on to graduate school at UCLA where she earned a master's degree in Literature and Writing in 1972.In 1973, Cross moved with her husband to upstate New York where she began teaching writing in a college English Department. Now writing is her fulltime career.She is the author of two books on language, Word Abuse: How the Words We Use Use Us and Me"
58, Funny Girl, Nick Hornby, https://www.goodreads.com/author/show/2929.Nick_Hornby, https://images.gr-assets.com/authors/1422915487p5/2929.jpg," Redhill, Surrey, England, The United Kingdom", http://www.nickhornby.co.uk," Nick Hornby is the author of the novels A Long Way Down, Slam, How to Be Good, High Fidelity, and About a Boy, and the memoir Fever Pitch. He is also the author of Songbook, a finalist for a National Book Critics Circle Award, Shakespeare Wrote for Money, and The Polysyllabic Spree, as well as the editor of the short-story collection Speaking with the Angel. He is a recipient of the American Academy of Arts and Letters’ E. M. Forster Award and the winner of the 2003 Orange Word International Writers’ London Award. Among his many other honors and awards, four of his titles have been named New York Times Notable Books. A film written by Hornby, An Education – shown at the Sundance Film Festival to great acclaim – was the lead movie at the 200"
59, The Buried Giant, Kazuo Ishiguro, https://www.goodreads.com/author/show/4280.Kazuo_Ishiguro, https://images.gr-assets.com/authors/1424906625p5/4280.jpg," Nagasaki, Japan",," Sir Kazuo Ishiguro (カズオ・イシグロ or 石黒 一雄), OBE, FRSA, FRSL is a British novelist of Japanese origin and Nobel Laureate in Literature (2017). His family moved to England in 1960. Ishiguro obtained his Bachelor's degree from the University of Kent in 1978 and his Master's from the University of East Anglia's creative writing course in 1980. He became a British citizen in 1982. He now lives in London.His first novel, A Pale View of Hills, won the 1982 Winifred Holtby Memorial Prize. His second novel, An Artist of the Floating World, won the 1986 Whitbread Prize. Ishiguro received the 1989 Man Booker prize for his third novel The Remains of the Day. His fourth novel, The Unconsoled, won the 1995 Cheltenham Prize. His latest novel is The Buried Gia"
60, Private Vegas (Private #9), James Patterson, https://www.goodreads.com/author/show/3780.James_Patterson, https://images.gr-assets.com/authors/1468347205p5/3780.jpg," Newburgh, New York, The United States", http://www.jamespatterson.com/," Official US SiteOfficial UK SiteJIMMY Patterson BooksReadKiddoReadJames Patterson is the world’s bestselling author. Among his creations are Alex Cross, the Women’s Murder Club, Michael Bennett, and Maximum Ride. His #1 bestselling nonfiction includes Walk in My Combat Boots, Filthy Rich, and his autobiography, James Patterson by James Patterson. He has collaborated on novels with Bill Clinton and Dolly Parton and has won an Edgar Award, nine Emmy Awards, and the National Humanities Medal. "
61, Crash & Burn (Tessa Leoni #3), Lisa Gardner, https://www.goodreads.com/author/show/18282.Lisa_Gardner, https://images.gr-assets.com/authors/1395879573p5/18282.jpg, The United States, http://www.lisagardner.com/," Lisa Gardner is a #1 New York Times bestselling crime novelist. A self-described research junkie, she has parlayed her interest in police procedure and twisted minds into a streak of twenty-plus thrillers. Her latest, BEFORE SHE DISAPPEARED, is available January 19, 2021.Meet Frankie Elkin, an everyday, average person who specializes in finding missing people. When the locals have given up, when the media has never bothered to care, Frankie takes on the challenge. Her latest mission has brought her to Mattapan, Boston, to find a missing Haitian teen. Eleven months later, Angelique Badeau's disappearance remains a mystery. What happened to the quiet, studious teen? Frankie learns quickly the dangers of asking too many questions, but that won"
62, Four: A Divergent Story Collection (Divergent #0.1-0.4), Veronica Roth, https://www.goodreads.com/author/show/4039811.Veronica_Roth, https://images.gr-assets.com/authors/1588707274p5/4039811.jpg, The United States, http://veronicarothbooks.com," Veronica Roth is the New York Times best-selling author of Poster Girl, Chosen Ones, the short story collection The End and Other Beginnings, the Divergent series, and the Carve the Mark duology. She is also the guest editor of The Best American Science Fiction and Fantasy 2021. Her new novella, Arch-Conspirator, will be released in February. Veronica lives in Chicago, Illinois.Sign up for Veronica's newsletter to hear news, writing thoughts, book recommendations, etc.! "
63, Last to Die (Rizzoli & Isles #10), Tess Gerritsen, https://www.goodreads.com/author/show/18149.Tess_Gerritsen, https://images.gr-assets.com/authors/1416348007p5/18149.jpg, The United States, http://www.tessgerritsen.com/," Internationally bestselling author Tess Gerritsen took an unusual route to a writing career. A graduate of Stanford University, Tess went on to medical school at the University of California, San Francisco, where she was awarded her M.D.While on maternity leave from her work as a physician, she began to write fiction. In 1987, her first novel was published. Call After Midnight, a romantic thriller, was followed by eight more romantic suspense novels. She also wrote a screenplay, ""Adrift"", which aired as a 1993 CBS Movie of the Week starring Kate Jackson.Tess's first medical thriller, Harvest, was released in hardcover in 1996, and it marked her debut on the New York Times bestseller list. Her suspense novels since then have been: Life Suppo"
64, Cold Cold Heart, Tami Hoag, https://www.goodreads.com/author/show/9890.Tami_Hoag, https://images.gr-assets.com/authors/1418152482p5/9890.jpg," Cresco, Iowa, The United States", http://www.tamihoag.com," Tami Hoag is the #1 internationally bestselling author of more than thirty books published in more than thirty languages worldwide, including her latest thrillers—BITTER SEASON, COLD COLD HEART and THE 9TH GIRL. Renowned for combining thrilling plots with character-driven suspense, Hoag first hit the New York Times Bestseller list with NIGHT SINS, and each of her books since has been a bestseller. She leads a double life in Palm Beach County, Florida where she is also known as a top competitive equestrian in the Olympic discipline of dressage. Other interests include the study of psychology, and mixed martial arts fighting. Visit her at www.tamihoag.com, Facebook.com/TamiHoag and on Twitter @TamiHoag"
65, Somewhere Safe with Somebody Good (Mitford Years #12), Jan Karon, https://www.goodreads.com/author/show/40552.Jan_Karon, https://images.gr-assets.com/authors/1596307533p5/40552.jpg," Lenoir, North Carolina, The United States", http://www.mitfordbooks.com/," Born Janice Meredith Wilson in 1937, Jan Karon was raised on a farm near Lenoir, North Carolina. Karon knew at a very early age that she wanted to be a writer. She penned her first novel when she was 10 years old, the same year she won a short-story contest organized by the local high school. Karon married as a teenager and had a daughter, Candace. At 18, Karon began working as a receptionist for a Charlotte, N.C. advertising agency. She advanced in the company after leaving samples of her writing on the desk of her boss, who eventually noticed her talent. Karon went on to have a highly successful career in the field, winning awards for ad agencies from Charlotte to San Francisco. In time, she became a creative vice president at the high-pr"
66, The Accidental Empress (Sisi #1), Allison Pataki, https://www.goodreads.com/author/show/7155436.Allison_Pataki, https://images.gr-assets.com/authors/1560971817p5/7155436.jpg, , http://www.AllisonPataki.com," ALLISON PATAKI is the NYTimes Bestselling author of THE TRAITOR'S WIFE, THE ACCIDENTAL EMPRESS, SISI:EMPRESS ON HER OWN, WHERE THE LIGHT FALLS, and the memoir, BEAUTY IN THE BROKEN PLACES. Her work has been translated into more than a dozen languages, has been featured on The TODAY Show, The NY Times, The Huffington Post, USA Today, FOX News, Morning Joe, and more.Visit AllisonPataki.com to connect and find out more. "
67, What She Left Behind, Ellen Marie Wiseman, https://www.goodreads.com/author/show/5416814.Ellen_Marie_Wiseman, https://images.gr-assets.com/authors/1562037699p5/5416814.jpg, The United States, http://www.ellenmariewiseman.com," A first-generation German American, Ellen Marie Wiseman discovered her love of reading and writing while attending first grade in one of the last one-room schoolhouses in NYS. She is a New York Times Bestselling author whose novels have been translated into twenty languages. Her debut novel, THE PLUM TREE, is loosely based on her mother’s stories about growing up in Germany during the chaos of WWII. THE PLUM TREE received much praise for its depiction of WWII and was named by Bookbub as One of Thirteen Books To Read if You Loved ALL THE LIGHT WE CANNOT SEE. Ellen’s second novel, WHAT SHE LEFT BEHIND, was named a Huffington Post Best Books of Summer 2015. Her third novel, COAL RIVER, was called ""one of the most ""unputdownable"" books of 2015"""
68, Trigger Warning: Short Fictions and Disturbances, Neil Gaiman, https://www.goodreads.com/author/show/1221698.Neil_Gaiman, https://images.gr-assets.com/authors/1234150163p5/1221698.jpg, ,,
69, Seveneves, Neal Stephenson, https://www.goodreads.com/author/show/545.Neal_Stephenson, https://images.gr-assets.com/authors/1430920344p5/545.jpg," Fort Meade, MD, The United States", http://www.nealstephenson.com/," Neal Stephenson is the author of Reamde, Anathem, and the three-volume historical epic the Baroque Cycle (Quicksilver, The Confusion, and The System of the World), as well as Cryptonomicon, The Diamond Age, Snow Crash, and Zodiac. He lives in Seattle, Washington."
70, A Knight of the Seven Kingdoms (The Tales of Dunk and Egg #1-3), George R.R. Martin, https://www.goodreads.com/author/show/346732.George_R_R_Martin, https://images.gr-assets.com/authors/1649011787p5/346732.jpg," Bayonne, New Jersey, The United States", http://www.georgerrmartin.com/," George Raymond Richard ""R.R."" Martin was born September 20, 1948, in Bayonne, New Jersey. His father was Raymond Collins Martin, a longshoreman, and his mother was Margaret Brady Martin. He has two sisters, Darleen Martin Lapinski and Janet Martin Patten. Martin attended Mary Jane Donohoe School and Marist High School. He began writing very young, selling monster stories to other neighborhood children for pennies, dramatic readings included. Later he became a comic book fan and collector in high school, and began to write fiction for comic fanzines (amateur fan magazines). Martin's first professional sale was made in 1970 at age 21: The Hero, sold to Galaxy, published in February, 1971 issue. Other sales followed. In 1970 Martin received a "
71, The Girl in the Spider's Web (Millennium #4), David Lagercrantz, https://www.goodreads.com/author/show/242659.David_Lagercrantz, https://images.gr-assets.com/authors/1558362373p5/242659.jpg, Sweden, http://www.davidlagercrantz.se/Home.htm," David Lagercrantz, born in 1962, is a journalist and author, living in Stockholm. His first book was published in 1997, a biography of the Swedish adventurer and mountaineer Göran Kropp. In 2000 his biography on the inventor Håkan Lans, A Swedish Genious, was published. His breakthrough as a novelist was Fall of Man in Wilmslow, a fictionalised novel about the British mathematician Alan Turing. In David Lagercrantz' writing you can often see a pattern: major talents who refuse to follow convention. He has been interested not only in what it takes to stand out from the crowd, but also in the resistance that such creativity inevitably faces.In 2011 his best-selling sports biography I am Zlatan Ibrahimović was published, one of the most succes"
72, The Fifth Gospel, Ian Caldwell, https://www.goodreads.com/author/show/11111.Ian_Caldwell, https://images.gr-assets.com/authors/1422460776p5/11111.jpg, The United States,," Ian Caldwell is an American novelist. After graduating from Princeton University in 1998, he and his childhood friend Dustin Thomason co-wrote the semi-autobiographical The Rule of Four, which was published in 2004.Caldwell and Thomason graduated from the Thomas Jefferson High School for Science and Technology, in Fairfax County, Virginia, in 1994. Caldwell was a Phi Beta Kappa in history at Princeton. In 2005, Caldwell's wife, Meredith, gave birth to their first child, Ethan Sawyer Caldwell. They live in Vienna, Virginia."
73, A Thousand Pieces of You (Firebird #1), Claudia Gray, https://www.goodreads.com/author/show/1192311.Claudia_Gray, https://images.gr-assets.com/authors/1234643683p5/1192311.jpg, The United States, http://www.claudiagray.com/," Claudia Gray is not my real name. I didn't choose a pseudonym because my real name is unpleasant (it isn't), because I'd always dreamed of calling myself this (I haven't) or even because I'm hiding from the remnants of that international diamond-smuggling cartel I smashed in 2003 (Interpol has taken care of them). In short, I took a pseudonym for no real reason whatsoever. Sometimes this is actually the best reason to do things.I live in New Orleans. So far, in life, I've been a disc jockey, a lawyer, a journalist and an extremely bad waitress, just to name a few. I especially like to spend time traveling, hiking, reading and listening to music. More than anything else, I enjoy writing. "
74, Shadows (The Rephaim #1), Paula Weston, https://www.goodreads.com/author/show/5446913.Paula_Weston, https://images.gr-assets.com/authors/1393844186p5/5446913.jpg, Australia, http://www.paula-weston.com," Paula Weston is the author of the Rephaim series (Shadows, Haze, Shimmer and Burn). The Undercurrent, a stand-alone speculative thriller set in near-future Australia, is now available in Australia and New Zealand.Paula worked as a print journalist for many years before becoming a government media and communication specialist. Today she also co-owns a two-woman communication and design agency.She grew up in regional South Australia and now lives in Brisbane, Queensland, with her husband."
75, The Assassin (Isaac Bell #8), Clive Cussler, https://www.goodreads.com/author/show/18411.Clive_Cussler, https://images.gr-assets.com/authors/1225620641p5/18411.jpg," Alhambra, The United States", http://www.cusslerbooks.com/," Cussler began writing novels in 1965 and published his first work featuring his continuous series hero, Dirk Pitt, in 1973. His first non-fiction, The Sea Hunters, was released in 1996. The Board of Governors of the Maritime College, State University of New York, considered The Sea Hunters in lieu of a Ph.D. thesis and awarded Cussler a Doctor of Letters degree in May, 1997. It was the first time since the College was founded in 1874 that such a degree was bestowed. Cussler was an internationally recognized authority on shipwrecks and the founder of the National Underwater and Marine Agency, (NUMA) a 501C3 non-profit organization (named after the fictional Federal agency in his novels) that dedicates itself to preserving American maritime a"
76, Die Again (Rizzoli & Isles #11), Tess Gerritsen, https://www.goodreads.com/author/show/18149.Tess_Gerritsen, https://images.gr-assets.com/authors/1416348007p5/18149.jpg, The United States, http://www.tessgerritsen.com/," Internationally bestselling author Tess Gerritsen took an unusual route to a writing career. A graduate of Stanford University, Tess went on to medical school at the University of California, San Francisco, where she was awarded her M.D.While on maternity leave from her work as a physician, she began to write fiction. In 1987, her first novel was published. Call After Midnight, a romantic thriller, was followed by eight more romantic suspense novels. She also wrote a screenplay, ""Adrift"", which aired as a 1993 CBS Movie of the Week starring Kate Jackson.Tess's first medical thriller, Harvest, was released in hardcover in 1996, and it marked her debut on the New York Times bestseller list. Her suspense novels since then have been: Life Suppo"
77, Insatiable Appetites (Stone Barrington #32), Stuart Woods, https://www.goodreads.com/author/show/3936.Stuart_Woods, https://images.gr-assets.com/authors/1202427385p5/3936.jpg," Manchester, Georgia, The United States", http://www.stuartwoods.com/," Stuart Woods was the author the New York Times-bestselling Stone Barrington series and Holly Barker series. He was an avid private pilot, flying his own jet on book tours. "
78, The Fixer, Joseph Finder, https://www.goodreads.com/author/show/63460.Joseph_Finder, https://images.gr-assets.com/authors/1539972724p5/63460.jpg," Chicago IL, The United States", http://www.josephfinder.com," Joseph Finder is the author of the forthcoming novel JUDGMENT and fourteen other novels, many of them New York Times bestsellers, published in 35 countries around the world. His book HIGH CRIMES was adapted into a movie starring Morgan Freeman and Ashley Judd, PARANOIA was made into the Harrison Ford/Gary Oldman film. He was born in Chicago, lived in the Philippines, Afghanistan, Washington State, and upstate New York. His novels have won numerous awards, including the Strand Critics award, the Barry Award, and the International Thriller Writers’ Thriller Award for best novel. His first novel, THE MOSCOW CLUB, was named by Publishers Weekly as one of the 10 best spy novels of all time. He lives with his wife in Boston and Cape Cod, where he"
79, The Assassination Option (Clandestine Operations #2), W.E.B. Griffin, https://www.goodreads.com/author/show/1415338.W_E_B_Griffin, https://images.gr-assets.com/authors/1322727411p5/1415338.jpg," Newark, New Jersey, The United States", http://www.webgriffin.com," W.E.B. Griffin was one of several pseudonyms for William E. Butterworth III. From the Authors Website:W.E.B. Griffin was the #1 best-selling author of more than fifty epic novels in seven series, all of which have made The New York Times, The Wall Street Journal, Publishers Weekly, and other best-seller lists. More than fifty million of the books are in print in more than ten languages, including Hebrew, Chinese, Japanese, and Hungarian. Mr. Griffin grew up in the suburbs of New York City and Philadelphia. He enlisted in the United States Army in 1946. After basic training, he received counterintelligence training at Fort Holabird, Maryland. He was assigned to the Army of Occupation in Germany, and ultimately to the staff of then-Major Gene"
80, The Third Target (J. B. Collins #1), Joel C. Rosenberg, https://www.goodreads.com/author/show/221833.Joel_C_Rosenberg, https://images.gr-assets.com/authors/1314284800p5/221833.jpg, The United States, http://www.joelrosenberg.com," Librarian Note: There is more than one author in the Goodreads database with this name. Note: This is a different person than the fantasy author, Joel RosenbergJoel C. Rosenberg is the founder of The Joshua Fund and the New York Times best-selling author of THE LAST JIHAD (2002), THE LAST DAYS (2003), THE EZEKIEL OPTION (2005), THE COPPER SCROLL (2006), EPICENTER (2006) and DEAD HEAT (2008) with more than 1.5 million copies in print. THE EZEKIEL OPTION was named by the ECPA as the Gold Medallion winner of the ""Best Novel of 2006."" Joel, an evangelical Christian whose mother is Gentile and whose father is from an Orthodox Jewish background, previously worked with several U.S. and Israeli leaders, including Steve Forbes, former Israeli Deputy"
81, Dead Ice (Anita Blake Vampire Hunter #24), Laurell K. Hamilton, https://www.goodreads.com/author/show/9550.Laurell_K_Hamilton, https://images.gr-assets.com/authors/1399387919p5/9550.jpg," Heber Springs, Arkansas, The United States", http://www.laurellkhamilton.com/," Laurell K. Hamilton is one of the leading writers of paranormal fiction. A #1 New York Times bestselling author, Hamilton writes the popular Anita Blake, Vampire Hunter novels and the Meredith Gentry series. She is also the creator of a bestselling comic book series based on her Anita Blake novels and published by Marvel Comics. Hamilton is a full-time writer and lives in the suburbs of St. Louis with her family."
82, Brothers Forever, Patrick Winsor, https://www.goodreads.com/author/show/14611951.Patrick_Winsor, https://images.gr-assets.com/authors/1448074462p5/14611951.jpg, ,,
83, The Wild Truth, Carine McCandless, https://www.goodreads.com/author/show/7055520.Carine_McCandless, https://images.gr-assets.com/authors/1403378283p5/7055520.jpg, , http://www.carinemccandless.com/," * Please visit Carine's website for a list of all upcoming events. Carine McCandless is an entrepreneur, activist and mother. She has been successfully self-employed since she started her first company at the age of nineteen. Carine's upcoming memoir, The Wild Truth, published by Harper One, an imprint of Harper Collins, will be released in November, 2014.Carine is the sister of literary icon Chris McCandless, a.k.a. Alexander Supertramp, whose life story captured the hearts of millions of people around the world. She played a vital role in the success of Into the Wild, the internationally bestselling book written by Jon Krakauer. Krakauer endorses Carine as ""a gifted communicator, she is engaging, inspiring, and bracingly outspoken."" Into "
84, Trust No One, Jayne Ann Krentz, https://www.goodreads.com/author/show/2387.Jayne_Ann_Krentz, https://images.gr-assets.com/authors/1446933865p5/2387.jpg, The United States, http://www.JayneAnnKrentz.com/," The author of over 50 consecutive New York Times bestsellers, JAYNE ANN KRENTZ writes romantic-suspense in three different worlds: Contemporary (as Jayne Ann Krentz), historical (as Amanda Quick) and futuristic (as Jayne Castle). There are over 30 million copies of her books in print. She earned a B.A. in History from the University of California at Santa Cruz and went on to obtain a Masters degree in Library Science from San Jose State University in California. Before she began writing full time she worked as a librarian in both academic and corporate libraries.Ms. Krentz is married and lives with her husband, Frank, in Seattle, Washington. "
85, Flesh and Blood (Kay Scarpetta #22), Patricia Cornwell, https://www.goodreads.com/author/show/1025097.Patricia_Cornwell, https://images.gr-assets.com/authors/1608833403p5/1025097.jpg," Miami, Florida, The United States", http://www.patriciacornwell.com/," Patricia Cornwell sold her first novel, Postmortem, in 1990 while working as a computer analyst at the Office of the Chief Medical Examiner in Richmond, Virginia. Postmortem, was the first bona fide forensic thriller. It paved the way for an explosion of entertainment featuring in all things forensic across film, television and literature. Postmortem would go on to win the Edgar, Creasey, Anthony, and Macavity awards as well as the French Prix du Roman d’Aventure prize – the first book ever to claim all these distinctions in a single year. To date, Cornwell’s books have sold some 100 million copies in thirty-six languages in over 120 countries. She’s authored twenty-nine New York Times bestsellers.Patricia’s novels center primarily on medic"
86, No Fortunate Son (Pike Logan #7), Brad Taylor, https://www.goodreads.com/author/show/1279042.Brad_Taylor, https://images.gr-assets.com/authors/1418964617p5/1279042.jpg, , http://www.bradtaylorbooks.com," Brad Taylor served for more than twenty-one years in the U.S. Army, retiring in 2010 as a Special Forces Lieutenant colonel. During that time he held numerous infantry and special operations positions, including eight years in 1st Special Forces Operations Detachment—Delta, popularly known as the Delta Force, where he commanded multiple troops and a squadron. He has conducted operations in support of U.S. national interests in Iraq, Afghanistan, and other classified locations. His final military post was as Assistant Professor of Military Science at The Citadel. He holds a master's of science in defense analysis with a concentration in irregular warfare from the Naval Postgraduate School in Monterey, CA. When not writing, Brad serves as a s"
87, Hush Hush (Tess Monaghan #12), Laura Lippman, https://www.goodreads.com/author/show/60459.Laura_Lippman, https://images.gr-assets.com/authors/1518016192p5/60459.jpg," Atlanta, GA, The United States", http://www.lauralippman.com/," Since Laura Lippman’s debut, she has been recognized as a distinctive voice in mystery fiction and named one of the “essential” crime writers of the last 100 years. Stephen King called her “special, even extraordinary,” and Gillian Flynn wrote, “She is simply a brilliant novelist.” Her books have won most of the major awards in her field and been translated into more than twenty-five languages. She lives in Baltimore and New Orleans with her teenager."
88, Escape From Purgatory, Sephor Rud, https://www.goodreads.com/author/show/13818487.Sephor_Rud, https://s.gr-assets.com/assets/nophoto/user/u_200x266-e183445fd1a1b5cc7075bb1cf7043306.png, ,,
89, Faking Delinquency, Ashley Winters, https://www.goodreads.com/author/show/7182295.Ashley_Winters, https://images.gr-assets.com/authors/1501645971p5/7182295.jpg, The United States,," Ashley Winters, twenty, is currently attending the University of Maine at Farmington and majoring in creative writing. Most of her time is spent writing or thinking about writing, and the rest is spent reading or fangirling about people who don’t actually exist. She loves God, her family, her friends, many, many fictional people, and pretty much anyone who makes a pun.Make sure to like me on Facebook!http://on.fb.me/1PwEcGcFollow me on Twitter too!http://bit.ly/1RHcA0i"
90, Ten Thousand Skies Above You (Firebird #2), Claudia Gray, https://www.goodreads.com/author/show/1192311.Claudia_Gray, https://images.gr-assets.com/authors/1234643683p5/1192311.jpg, The United States, http://www.claudiagray.com/," Claudia Gray is not my real name. I didn't choose a pseudonym because my real name is unpleasant (it isn't), because I'd always dreamed of calling myself this (I haven't) or even because I'm hiding from the remnants of that international diamond-smuggling cartel I smashed in 2003 (Interpol has taken care of them). In short, I took a pseudonym for no real reason whatsoever. Sometimes this is actually the best reason to do things.I live in New Orleans. So far, in life, I've been a disc jockey, a lawyer, a journalist and an extremely bad waitress, just to name a few. I especially like to spend time traveling, hiking, reading and listening to music. More than anything else, I enjoy writing. "
91, Zoo Story: Life in the Garden of Captives, Thomas   French, https://www.goodreads.com/author/show/28145.Thomas_French, https://images.gr-assets.com/authors/1306633221p5/28145.jpg, The United States, http://journalism.indiana.edu/about-us/faculty-...," Librarian Note:There is more than one author in the Goodreads database with this name.Thomas French, a Pulitzer prize-winning reporter, has spent the past quarter century redefining the possibilities of journalistic storytelling, both in his writing and in his teaching around the world.French grew up in Indiana and attended journalism school at Indiana University’s Bloomington campus, where he was a Poynter scholar and editor-in-chief at the Indiana Daily Student, and where he won a Hearst award for a profile of a giant hog at the Indiana State Fair. An editor at the St. Petersburg Times read the hog story and hired French, just as he was graduating from IU, as a night cops reporter.French spent the next 27 years at the Times, covering hurr"
92, Redeployment, Phil Klay, https://www.goodreads.com/author/show/7114556.Phil_Klay, https://images.gr-assets.com/authors/1601311798p5/7114556.jpg, The United Kingdom, http://www.philklay.com," Phil Klay is a veteran of the US Marine Corps. His short story collection Redeployment won the 2014 National Book Award for Fiction and the National Book Critics’ Circle John Leonard Prize for best debut work in any genre, and was selected as one of the 10 Best Books of 2014 by The New York Times. His nonfiction work won the George W. Hunt, S.J., Prize for Journalism, Arts & Letters in the category of Cultural & Historical Criticism in 2018. His writing has appeared in The New York Times, The Washington Post, The Wall Street Journal, The Atlantic, The New Yorker, and the Brookings Institution’s Brookings Essay series. He currently teaches fiction at Fairfield University."
93, Blueprints, Barbara Delinsky, https://www.goodreads.com/author/show/36492.Barbara_Delinsky, https://images.gr-assets.com/authors/1432833006p5/36492.jpg, The United States, http://barbaradelinsky.com/," I was born and raised in suburban Boston. My mother’s death, when I was eight, was the defining event of a childhood that was otherwise ordinary. I took piano lessons and flute lessons. I took ballroom dancing lessons. I went to summer camp through my fifteenth year (in Maine, which explains the setting of so many of my stories), then spent my sixteenth summer learning to type and to drive (two skills that have served me better than all of my other high school courses combined). I earned a B.A. in Psychology at Tufts University and an M.A. in Sociology at Boston College. The motivation behind the M.A. was sheer greed. My husband was just starting law school. We needed the money. Following graduate school, I worked as a researcher with the M"
94, The Empty Throne (The Saxon Stories #8), Bernard Cornwell, https://www.goodreads.com/author/show/12542.Bernard_Cornwell, https://images.gr-assets.com/authors/1504578807p5/12542.jpg," London, England, The United Kingdom", http://www.bernardcornwell.net/," Cornwell was born in London in 1944. His father was a Canadian airman, and his mother, who was English, a member of the Women's Auxiliary Air Force. He was adopted and brought up in Essex by the Wiggins family, who were members of the Peculiar People, a strict Protestant sect who banned frivolity of all kinds and even medicine. After he left them, he changed his name to his birth mother's maiden name, Cornwell.Cornwell was sent away to Monkton Combe School, attended the University of London, and after graduating, worked as a teacher. He attempted to enlist in the British armed services at least three times but was rejected on the grounds of myopia.He then joined BBC's Nationwide and was promoted to become head of current affairs at BBC Nort"
95, The Mime Order (The Bone Season #2), Samantha    Shannon, https://www.goodreads.com/author/show/5830526.Samantha_Shannon, https://images.gr-assets.com/authors/1612003995p5/5830526.jpg," London, The United Kingdom", http://www.samanthashannon.co.uk," Samantha Shannon studied English Language and Literature at St. Anne’s College, Oxford. The Bone Season, the first in a seven-book series, was a New York Times bestseller and the inaugural Today Book Club selection. Her next novel, The Priory of the Orange Tree, was published in February 2019 and became a New York Times and Sunday Times bestseller. Her work has been translated into twenty-six languages. She lives in London."
96, Double Fudge Brownie Murder (Hannah Swensen #18), Joanne Fluke, https://www.goodreads.com/author/show/18819.Joanne_Fluke, https://images.gr-assets.com/authors/1342377754p5/18819.jpg, The United States, http://www.murdershebaked.com/," Like Hannah Swensen, Joanne Fluke grew up in a small town in rural Minnesota where her neighbors were friendly, the winters were fierce, and the biggest scandal was the spotting of unidentified male undergarments on a young widow's clothesline. She insists that there really are 10,000 lakes and the mosquito is NOT the state bird.While pursuing her writing career, Joanne has worked as: a public school teacher, a psychologist, a musician, a private detective's assistant, a corporate, legal, and pharmaceutical secretary, a short order cook, a florist's assistant, a caterer and party planner, a computer consultant on a now-defunct operating system, a production assistant on a TV quiz show, half of a screenwriting team with her husband, and a mo"
97, Leaving Berlin, Joseph Kanon, https://www.goodreads.com/author/show/12984.Joseph_Kanon, https://images.gr-assets.com/authors/1442449218p5/12984.jpg, The United States, http://www.josephkanon.com/,
98, Bahia de los Misterios, Roberto Ampuero, https://www.goodreads.com/author/show/38312.Roberto_Ampuero, https://images.gr-assets.com/authors/1263207764p5/38312.jpg," Valparaiso, Chile",," Roberto Ampuero is a Chilean author, columnist, and a university professor. In Chile his works have sold more than 40 editions. Ampuero now resides in Iowa where he is a professor at the University of Iowa in the Department of Spanish and Portuguese.He was a columnist of La Tercera and the New York Times Syndicate and since March of 2009 has been working as a columnist for El Mercurio."
99, El arbol de la vida (Trilogia del Malamor #3), Jose Ignacio Valenzuela, https://www.goodreads.com/author/show/5009671.Jos_Ignacio_Valenzuela, https://images.gr-assets.com/authors/1481490610p5/5009671.jpg," Santiago de Chile, Chile",,
100, The Iron King (The Iron Fey #1), Julie Kagawa, https://www.goodreads.com/author/show/2995873.Julie_Kagawa, https://images.gr-assets.com/authors/1257816454p5/2995873.jpg, , http://www.juliekagawa.com,
101, Piranha (Oregon Files #10), Clive Cussler, https://www.goodreads.com/author/show/18411.Clive_Cussler, https://images.gr-assets.com/authors/1225620641p5/18411.jpg," Alhambra, The United States", http://www.cusslerbooks.com/," Cussler began writing novels in 1965 and published his first work featuring his continuous series hero, Dirk Pitt, in 1973. His first non-fiction, The Sea Hunters, was released in 1996. The Board of Governors of the Maritime College, State University of New York, considered The Sea Hunters in lieu of a Ph.D. thesis and awarded Cussler a Doctor of Letters degree in May, 1997. It was the first time since the College was founded in 1874 that such a degree was bestowed. Cussler was an internationally recognized authority on shipwrecks and the founder of the National Underwater and Marine Agency, (NUMA) a 501C3 non-profit organization (named after the fictional Federal agency in his novels) that dedicates itself to preserving American maritime a"
